stage,iter,action_type,plan_id,old_pairs,new_pairs,old_points,new_points,accepted,runtime_ms,rollback,reason,matched_strategy,conflict_class,segment_idx,segment_points,pair,candidate_rank,prob_delay,prob_speed,prob_reroute,prob_delay_after,prob_speed_after,prob_reroute_after,source
greedy_time,0,delay,23,98,94,155,151,True,24.247400000604102,False,pairs_decreased,,,,,,,,,,,,,
greedy_time,0,delay,23,98,96,155,153,True,8.714399999007583,False,pairs_decreased,,,,,,,,,,,,,
greedy_time,0,delay,23,98,96,155,153,True,8.503000000928296,False,pairs_decreased,,,,,,,,,,,,,
greedy_time,0,delay,23,98,97,155,154,True,8.34979999854113,False,pairs_decreased,,,,,,,,,,,,,
greedy_time,0,delay,23,98,98,155,155,False,8.321699999214616,True,rollback,,,,,,,,,,,,,
greedy_time,0,delay,23,98,97,155,154,True,8.76100000095903,False,pairs_decreased,,,,,,,,,,,,,
greedy_time,0,delay,23,98,98,155,155,False,9.202799999911804,True,rollback,,,,,,,,,,,,,
greedy_time,0,delay,23,98,97,155,154,True,8.750199998758035,False,pairs_decreased,,,,,,,,,,,,,
greedy_time,0,delay,23,98,97,155,154,True,9.183300000586314,False,pairs_decreased,,,,,,,,,,,,,
greedy_time,0,delay,23,98,97,155,154,True,8.776900001976173,False,pairs_decreased,,,,,,,,,,,,,
greedy_time,0,delay,23,98,96,155,161,True,8.915400001569651,False,pairs_decreased,,,,,,,,,,,,,
greedy_time,0,delay,23,98,97,155,154,True,8.443400001851842,False,pairs_decreased,,,,,,,,,,,,,
greedy_time,0,speed,23,98,98,155,155,False,9.217099999659695,True,rollback,,,,,,,,,,,,,
greedy_time,0,speed,23,98,98,155,155,False,8.814799999527168,True,rollback,,,,,,,,,,,,,
greedy_time,0,speed,23,98,98,155,155,False,27.440199999546167,True,rollback,,,,,,,,,,,,,
greedy_time,0,speed,23,98,98,155,155,False,9.030299999722047,True,rollback,,,,,,,,,,,,,
greedy_time,0,speed,23,98,97,155,154,True,8.63989999925252,False,pairs_decreased,,,,,,,,,,,,,
greedy_time,0,delay,99,94,93,151,160,True,8.65920000069309,False,pairs_decreased,,,,,,,,,,,,,
greedy_time,0,delay,99,94,94,151,157,False,8.772199998929864,True,rollback,,,,,,,,,,,,,
greedy_time,0,delay,99,94,93,151,153,True,8.583399998315144,False,pairs_decreased,,,,,,,,,,,,,
greedy_time,0,delay,99,94,94,151,153,False,8.74169999951846,True,rollback,,,,,,,,,,,,,
greedy_time,0,delay,99,94,94,151,151,False,8.487200000672601,True,rollback,,,,,,,,,,,,,
greedy_time,0,delay,99,94,92,151,149,True,8.84770000266144,False,pairs_decreased,,,,,,,,,,,,,
greedy_time,0,delay,99,94,93,151,150,True,8.793899996817345,False,pairs_decreased,,,,,,,,,,,,,
greedy_time,0,delay,99,94,95,151,152,False,8.96669999929145,True,rollback,,,,,,,,,,,,,
greedy_time,0,delay,99,94,93,151,150,True,8.420099999057129,False,pairs_decreased,,,,,,,,,,,,,
greedy_time,0,delay,99,94,93,151,150,True,9.170600002107676,False,pairs_decreased,,,,,,,,,,,,,
greedy_time,0,delay,99,94,91,151,149,True,8.56019999991986,False,pairs_decreased,,,,,,,,,,,,,
greedy_time,0,delay,99,94,89,151,146,True,11.210000000573928,False,pairs_decreased,,,,,,,,,,,,,
greedy_time,0,speed,99,94,93,151,150,True,24.086500001430977,False,pairs_decreased,,,,,,,,,,,,,
greedy_time,0,speed,99,94,93,151,150,True,9.042000001500128,False,pairs_decreased,,,,,,,,,,,,,
greedy_time,0,speed,99,94,94,151,151,False,10.58059999922989,True,rollback,,,,,,,,,,,,,
greedy_time,0,speed,99,94,95,151,152,False,9.784800000488758,True,rollback,,,,,,,,,,,,,
greedy_time,0,speed,99,94,95,151,153,False,8.907999999792082,True,rollback,,,,,,,,,,,,,
greedy_time,1,delay,21,89,88,146,133,True,8.6857999995118,False,pairs_decreased,,,,,,,,,,,,,
greedy_time,1,delay,21,89,88,146,133,True,9.098900001845323,False,pairs_decreased,,,,,,,,,,,,,
greedy_time,1,delay,21,89,88,146,133,True,8.90580000123009,False,pairs_decreased,,,,,,,,,,,,,
greedy_time,1,delay,21,89,87,146,132,True,8.988999998109648,False,pairs_decreased,,,,,,,,,,,,,
greedy_time,1,delay,21,89,88,146,139,True,8.473499998217449,False,pairs_decreased,,,,,,,,,,,,,
greedy_time,1,delay,21,89,89,146,146,False,8.5384999983944,True,rollback,,,,,,,,,,,,,
greedy_time,1,delay,21,89,88,146,145,True,8.77799999943818,False,pairs_decreased,,,,,,,,,,,,,
greedy_time,1,delay,21,89,89,146,146,False,8.862200000294251,True,rollback,,,,,,,,,,,,,
greedy_time,1,delay,21,89,89,146,146,False,10.858199999347562,True,rollback,,,,,,,,,,,,,
greedy_time,1,delay,21,89,88,146,132,True,24.757999999565072,False,pairs_decreased,,,,,,,,,,,,,
greedy_time,1,delay,21,89,89,146,133,False,8.540300001186552,True,rollback,,,,,,,,,,,,,
greedy_time,1,delay,21,89,86,146,130,True,8.273900002677692,False,pairs_decreased,,,,,,,,,,,,,
greedy_time,1,speed,21,89,89,146,146,False,9.110200000577606,True,rollback,,,,,,,,,,,,,
greedy_time,1,speed,21,89,89,146,146,False,9.539700000459561,True,rollback,,,,,,,,,,,,,
greedy_time,1,speed,21,89,88,146,145,True,8.970200000476325,False,pairs_decreased,,,,,,,,,,,,,
greedy_time,1,speed,21,89,88,146,134,True,9.785999998712214,False,pairs_decreased,,,,,,,,,,,,,
greedy_time,1,speed,21,89,87,146,131,True,8.574399998906301,False,pairs_decreased,,,,,,,,,,,,,
greedy_time,1,delay,56,86,85,130,129,True,9.475300001213327,False,pairs_decreased,,,,,,,,,,,,,
greedy_time,1,delay,56,86,86,130,130,False,8.616000002803048,True,rollback,,,,,,,,,,,,,
greedy_time,1,delay,56,86,87,130,131,False,8.92559999920195,True,rollback,,,,,,,,,,,,,
greedy_time,1,delay,56,86,87,130,131,False,8.622199999081204,True,rollback,,,,,,,,,,,,,
greedy_time,1,delay,56,86,86,130,130,False,8.469899999909103,True,rollback,,,,,,,,,,,,,
greedy_time,1,delay,56,86,86,130,130,False,8.626899998489534,True,rollback,,,,,,,,,,,,,
greedy_time,1,delay,56,86,87,130,131,False,14.114800000243122,True,rollback,,,,,,,,,,,,,
greedy_time,1,delay,56,86,85,130,129,True,20.73009999730857,False,pairs_decreased,,,,,,,,,,,,,
greedy_time,1,delay,56,86,87,130,131,False,8.469599997624755,True,rollback,,,,,,,,,,,,,
greedy_time,1,delay,56,86,87,130,131,False,10.086599999340251,True,rollback,,,,,,,,,,,,,
greedy_time,1,delay,56,86,84,130,128,True,8.834599997499026,False,pairs_decreased,,,,,,,,,,,,,
greedy_time,1,delay,56,86,85,130,142,True,8.548899997549597,False,pairs_decreased,,,,,,,,,,,,,
greedy_time,1,speed,56,86,85,130,129,True,9.413400002813432,False,pairs_decreased,,,,,,,,,,,,,
greedy_time,1,speed,56,86,85,130,129,True,9.08970000091358,False,pairs_decreased,,,,,,,,,,,,,
greedy_time,1,speed,56,86,86,130,130,False,9.326499999588123,True,rollback,,,,,,,,,,,,,
greedy_time,1,speed,56,86,86,130,130,False,8.964900000137277,True,rollback,,,,,,,,,,,,,
greedy_time,1,speed,56,86,87,130,131,False,9.15069999973639,True,rollback,,,,,,,,,,,,,
greedy_time,2,delay,73,84,88,128,129,False,8.738200001971563,True,rollback,,,,,,,,,,,,,
greedy_time,2,delay,73,84,85,128,124,False,8.79970000096364,True,rollback,,,,,,,,,,,,,
greedy_time,2,delay,73,84,84,128,123,False,9.001300000818446,True,rollback,,,,,,,,,,,,,
greedy_time,2,delay,73,84,83,128,122,True,14.602499999455176,False,pairs_decreased,,,,,,,,,,,,,
greedy_time,2,delay,73,84,83,128,123,True,20.669099998485763,False,pairs_decreased,,,,,,,,,,,,,
greedy_time,2,delay,73,84,85,128,135,False,8.91319999936968,True,rollback,,,,,,,,,,,,,
greedy_time,2,delay,73,84,86,128,144,False,8.437700002104975,True,rollback,,,,,,,,,,,,,
greedy_time,2,delay,73,84,85,128,142,False,8.811800002149539,True,rollback,,,,,,,,,,,,,
greedy_time,2,delay,73,84,85,128,142,False,8.495099998981459,True,rollback,,,,,,,,,,,,,
greedy_time,2,delay,73,84,84,128,132,False,9.139800000411924,True,rollback,,,,,,,,,,,,,
greedy_time,2,delay,73,84,82,128,121,True,8.755599999858532,False,pairs_decreased,,,,,,,,,,,,,
greedy_time,2,delay,73,84,80,128,119,True,8.672300002217526,False,pairs_decreased,,,,,,,,,,,,,
greedy_time,2,speed,73,84,85,128,142,False,9.46979999935138,True,rollback,,,,,,,,,,,,,
greedy_time,2,speed,73,84,85,128,134,False,9.196099999826401,True,rollback,,,,,,,,,,,,,
greedy_time,2,speed,73,84,85,128,127,False,9.214600002451334,True,rollback,,,,,,,,,,,,,
greedy_time,2,speed,73,84,84,128,124,False,9.460600002057618,True,rollback,,,,,,,,,,,,,
greedy_time,2,speed,73,84,85,128,125,False,8.837000001221895,True,rollback,,,,,,,,,,,,,
greedy_time,2,delay,36,80,79,119,115,True,13.823999997839564,False,pairs_decreased,,,,,,,,,,,,,
greedy_time,2,delay,36,80,78,119,114,True,20.489599999564234,False,pairs_decreased,,,,,,,,,,,,,
greedy_time,2,delay,36,80,79,119,115,True,8.42469999770401,False,pairs_decreased,,,,,,,,,,,,,
greedy_time,2,delay,36,80,79,119,115,True,8.39290000294568,False,pairs_decreased,,,,,,,,,,,,,
greedy_time,2,delay,36,80,79,119,115,True,8.59150000178488,False,pairs_decreased,,,,,,,,,,,,,
greedy_time,2,delay,36,80,80,119,130,False,9.329000000434462,True,rollback,,,,,,,,,,,,,
greedy_time,2,delay,36,80,79,119,129,True,8.725899999262765,False,pairs_decreased,,,,,,,,,,,,,
greedy_time,2,delay,36,80,78,119,128,True,9.034099999553291,False,pairs_decreased,,,,,,,,,,,,,
greedy_time,2,delay,36,80,78,119,128,True,8.894900001905626,False,pairs_decreased,,,,,,,,,,,,,
greedy_time,2,delay,36,80,80,119,145,False,9.304600000177743,True,rollback,,,,,,,,,,,,,
greedy_time,2,delay,36,80,79,119,145,True,8.577799999329727,False,pairs_decreased,,,,,,,,,,,,,
greedy_time,2,delay,36,80,80,119,121,False,8.56740000017453,True,rollback,,,,,,,,,,,,,
greedy_time,2,speed,36,80,80,119,130,False,9.124999996856786,True,rollback,,,,,,,,,,,,,
greedy_time,2,speed,36,80,80,119,129,False,9.01720000183559,True,rollback,,,,,,,,,,,,,
greedy_time,2,speed,36,80,79,119,115,True,14.951200002542464,False,pairs_decreased,,,,,,,,,,,,,
greedy_time,2,speed,36,80,79,119,115,True,22.40919999894686,False,pairs_decreased,,,,,,,,,,,,,
greedy_time,2,speed,36,80,81,119,117,False,9.158299999398878,True,rollback,,,,,,,,,,,,,
greedy_time,3,delay,16,78,78,114,117,False,8.813099997496465,True,rollback,,,,,,,,,,,,,
greedy_time,3,delay,16,78,77,114,111,True,8.987000001070555,False,pairs_decreased,,,,,,,,,,,,,
greedy_time,3,delay,16,78,79,114,114,False,9.038100000907434,True,rollback,,,,,,,,,,,,,
greedy_time,3,delay,16,78,81,114,117,False,8.944000001065433,True,rollback,,,,,,,,,,,,,
greedy_time,3,delay,16,78,79,114,115,False,8.479500000248663,True,rollback,,,,,,,,,,,,,
greedy_time,3,delay,16,78,79,114,115,False,8.61580000128015,True,rollback,,,,,,,,,,,,,
greedy_time,3,delay,16,78,79,114,114,False,8.652599997731159,True,rollback,,,,,,,,,,,,,
greedy_time,3,delay,16,78,81,114,119,False,9.029299999383511,True,rollback,,,,,,,,,,,,,
greedy_time,3,delay,16,78,80,114,120,False,8.806499998172512,True,rollback,,,,,,,,,,,,,
greedy_time,3,delay,16,78,81,114,123,False,8.892300000297837,True,rollback,,,,,,,,,,,,,
greedy_time,3,delay,16,78,80,114,116,False,9.180000000924338,True,rollback,,,,,,,,,,,,,
greedy_time,3,delay,16,78,78,114,123,False,15.020499999081949,True,rollback,,,,,,,,,,,,,
greedy_time,3,speed,16,78,80,114,116,False,22.252999999182066,True,rollback,,,,,,,,,,,,,
greedy_time,3,speed,16,78,79,114,115,False,8.827099998597987,True,rollback,,,,,,,,,,,,,
greedy_time,3,speed,16,78,78,114,114,False,9.45529999808059,True,rollback,,,,,,,,,,,,,
greedy_time,3,speed,16,78,79,114,115,False,9.310800000093877,True,rollback,,,,,,,,,,,,,
greedy_time,3,speed,16,78,80,114,116,False,9.15789999999106,True,rollback,,,,,,,,,,,,,
greedy_time,3,delay,78,77,75,111,111,True,9.422999999515014,False,pairs_decreased,,,,,,,,,,,,,
greedy_time,3,delay,78,77,73,111,106,True,8.412999999563908,False,pairs_decreased,,,,,,,,,,,,,
greedy_time,3,delay,78,77,73,111,106,True,9.250600000086706,False,pairs_decreased,,,,,,,,,,,,,
greedy_time,3,delay,78,77,75,111,109,True,8.980500002508052,False,pairs_decreased,,,,,,,,,,,,,
greedy_time,3,delay,78,77,76,111,110,True,8.625800001027528,False,pairs_decreased,,,,,,,,,,,,,
greedy_time,3,delay,78,77,76,111,109,True,8.701499999006046,False,pairs_decreased,,,,,,,,,,,,,
greedy_time,3,delay,78,77,76,111,109,True,8.89880000249832,False,pairs_decreased,,,,,,,,,,,,,
greedy_time,3,delay,78,77,76,111,109,True,9.14290000218898,False,pairs_decreased,,,,,,,,,,,,,
greedy_time,3,delay,78,77,76,111,109,True,14.121899999736343,False,pairs_decreased,,,,,,,,,,,,,
greedy_time,3,delay,78,77,76,111,109,True,20.99839999937103,False,pairs_decreased,,,,,,,,,,,,,
greedy_time,3,delay,78,77,75,111,108,True,8.602800000517163,False,pairs_decreased,,,,,,,,,,,,,
greedy_time,3,delay,78,77,74,111,107,True,8.256699999037664,False,pairs_decreased,,,,,,,,,,,,,
greedy_time,3,speed,78,77,77,111,111,False,9.343399997305823,True,rollback,,,,,,,,,,,,,
greedy_time,3,speed,78,77,77,111,111,False,8.979799997177906,True,rollback,,,,,,,,,,,,,
greedy_time,3,speed,78,77,77,111,111,False,8.917899998778012,True,rollback,,,,,,,,,,,,,
greedy_time,3,speed,78,77,76,111,110,True,9.01230000090436,False,pairs_decreased,,,,,,,,,,,,,
greedy_time,3,speed,78,77,76,111,110,True,9.066599999641767,False,pairs_decreased,,,,,,,,,,,,,
greedy_time,4,delay,92,73,73,106,106,False,8.705799999006558,True,rollback,,,,,,,,,,,,,
greedy_time,4,delay,92,73,73,106,108,False,8.378000002267072,True,rollback,,,,,,,,,,,,,
greedy_time,4,delay,92,73,74,106,109,False,8.984000000054948,True,rollback,,,,,,,,,,,,,
greedy_time,4,delay,92,73,72,106,107,True,8.546200002456317,False,pairs_decreased,,,,,,,,,,,,,
greedy_time,4,delay,92,73,73,106,107,False,8.88929999928223,True,rollback,,,,,,,,,,,,,
greedy_time,4,delay,92,73,72,106,104,True,14.145000001008157,False,pairs_decreased,,,,,,,,,,,,,
greedy_time,4,delay,92,73,71,106,103,True,21.749399998952867,False,pairs_decreased,,,,,,,,,,,,,
greedy_time,4,delay,92,73,71,106,103,True,9.132099999987986,False,pairs_decreased,,,,,,,,,,,,,
greedy_time,4,delay,92,73,71,106,103,True,8.519599999999627,False,pairs_decreased,,,,,,,,,,,,,
greedy_time,4,delay,92,73,71,106,103,True,8.963700001913821,False,pairs_decreased,,,,,,,,,,,,,
greedy_time,4,delay,92,73,71,106,103,True,8.730199999263277,False,pairs_decreased,,,,,,,,,,,,,
greedy_time,4,delay,92,73,75,106,111,False,8.707099997991463,True,rollback,,,,,,,,,,,,,
greedy_time,4,speed,92,73,71,106,103,True,9.249900002032518,False,pairs_decreased,,,,,,,,,,,,,
greedy_time,4,speed,92,73,73,106,105,False,8.687300000019604,True,rollback,,,,,,,,,,,,,
greedy_time,4,speed,92,73,73,106,107,False,9.010699999635108,True,rollback,,,,,,,,,,,,,
greedy_time,4,speed,92,73,73,106,107,False,8.810600000288105,True,rollback,,,,,,,,,,,,,
greedy_time,4,speed,92,73,73,106,108,False,9.510500000033062,True,rollback,,,,,,,,,,,,,
greedy_time,4,delay,32,71,72,103,105,False,8.650299998407718,True,rollback,,,,,,,,,,,,,
greedy_time,4,delay,32,71,71,103,104,False,8.448299999145092,True,rollback,,,,,,,,,,,,,
greedy_time,4,delay,32,71,71,103,104,False,14.03289999871049,True,rollback,,,,,,,,,,,,,
greedy_time,4,delay,32,71,71,103,104,False,22.58340000116732,True,rollback,,,,,,,,,,,,,
greedy_time,4,delay,32,71,72,103,104,False,8.563700001104735,True,rollback,,,,,,,,,,,,,
greedy_time,4,delay,32,71,70,103,102,True,8.627199997135904,False,pairs_decreased,,,,,,,,,,,,,
greedy_time,4,delay,32,71,70,103,102,True,8.282499999040738,False,pairs_decreased,,,,,,,,,,,,,
greedy_time,4,delay,32,71,71,103,103,False,8.588699998654192,True,rollback,,,,,,,,,,,,,
greedy_time,4,delay,32,71,69,103,101,True,8.681699997396208,False,pairs_decreased,,,,,,,,,,,,,
greedy_time,4,delay,32,71,71,103,103,False,8.679099999426398,True,rollback,,,,,,,,,,,,,
greedy_time,4,delay,32,71,70,103,116,True,8.652500000607688,False,pairs_decreased,,,,,,,,,,,,,
greedy_time,4,delay,32,71,70,103,102,True,8.634999998321291,False,pairs_decreased,,,,,,,,,,,,,
greedy_time,4,speed,32,71,71,103,103,False,9.207200000673765,True,rollback,,,,,,,,,,,,,
greedy_time,4,speed,32,71,71,103,103,False,9.392100000695791,True,rollback,,,,,,,,,,,,,
greedy_time,4,speed,32,71,71,103,103,False,9.515300000202842,True,rollback,,,,,,,,,,,,,
greedy_time,4,speed,32,71,72,103,104,False,9.093000000575557,True,rollback,,,,,,,,,,,,,
greedy_time,4,speed,32,71,71,103,103,False,14.446399996813852,True,rollback,,,,,,,,,,,,,
greedy_time,5,delay,65,69,68,101,100,True,22.042700002202764,False,pairs_decreased,,,,,,,,,,,,,
greedy_time,5,delay,65,69,65,101,97,True,8.790799998678267,False,pairs_decreased,,,,,,,,,,,,,
greedy_time,5,delay,65,69,67,101,99,True,8.671100000356091,False,pairs_decreased,,,,,,,,,,,,,
greedy_time,5,delay,65,69,67,101,99,True,8.475299997371621,False,pairs_decreased,,,,,,,,,,,,,
greedy_time,5,delay,65,69,68,101,100,True,9.168900000076974,False,pairs_decreased,,,,,,,,,,,,,
greedy_time,5,delay,65,69,70,101,107,False,8.63759999992908,True,rollback,,,,,,,,,,,,,
greedy_time,5,delay,65,69,68,101,106,True,9.672399999544723,False,pairs_decreased,,,,,,,,,,,,,
greedy_time,5,delay,65,69,68,101,107,True,8.883200000127545,False,pairs_decreased,,,,,,,,,,,,,
greedy_time,5,delay,65,69,68,101,108,True,8.56510000085109,False,pairs_decreased,,,,,,,,,,,,,
greedy_time,5,delay,65,69,67,101,106,True,8.774800000537653,False,pairs_decreased,,,,,,,,,,,,,
greedy_time,5,delay,65,69,72,101,104,False,8.756600000197068,True,rollback,,,,,,,,,,,,,
greedy_time,5,delay,65,69,69,101,103,False,8.98609999785549,True,rollback,,,,,,,,,,,,,
greedy_time,5,speed,65,69,71,101,104,False,9.074500001588603,True,rollback,,,,,,,,,,,,,
greedy_time,5,speed,65,69,69,101,101,False,14.598999998270301,True,rollback,,,,,,,,,,,,,
greedy_time,5,speed,65,69,68,101,100,True,22.739199997886317,False,pairs_decreased,,,,,,,,,,,,,
greedy_time,5,speed,65,69,68,101,100,True,8.790699997916818,False,pairs_decreased,,,,,,,,,,,,,
greedy_time,5,speed,65,69,68,101,100,True,8.911299999454059,False,pairs_decreased,,,,,,,,,,,,,
greedy_time,5,delay,83,65,62,97,95,True,8.810999999695923,False,pairs_decreased,,,,,,,,,,,,,
greedy_time,5,delay,83,65,62,97,95,True,9.34649999908288,False,pairs_decreased,,,,,,,,,,,,,
greedy_time,5,delay,83,65,62,97,95,True,8.983299998362781,False,pairs_decreased,,,,,,,,,,,,,
greedy_time,5,delay,83,65,63,97,96,True,8.541700000932906,False,pairs_decreased,,,,,,,,,,,,,
greedy_time,5,delay,83,65,65,97,97,False,9.138900000834838,True,rollback,,,,,,,,,,,,,
greedy_time,5,delay,83,65,65,97,97,False,8.883099999366095,True,rollback,,,,,,,,,,,,,
greedy_time,5,delay,83,65,65,97,97,False,9.108700000069803,True,rollback,,,,,,,,,,,,,
greedy_time,5,delay,83,65,65,97,97,False,9.334999998827698,True,rollback,,,,,,,,,,,,,
greedy_time,5,delay,83,65,63,97,95,True,8.785499998339219,False,pairs_decreased,,,,,,,,,,,,,
greedy_time,5,delay,83,65,63,97,95,True,8.96400000056019,False,pairs_decreased,,,,,,,,,,,,,
greedy_time,5,delay,83,65,65,97,97,False,13.767899999947986,True,rollback,,,,,,,,,,,,,
greedy_time,5,delay,83,65,63,97,96,True,21.66139999826555,False,pairs_decreased,,,,,,,,,,,,,
greedy_time,5,speed,83,65,65,97,97,False,9.883399998216191,True,rollback,,,,,,,,,,,,,
greedy_time,5,speed,83,65,65,97,97,False,9.142999999312451,True,rollback,,,,,,,,,,,,,
greedy_time,5,speed,83,65,65,97,97,False,9.297499997046543,True,rollback,,,,,,,,,,,,,
greedy_time,5,speed,83,65,64,97,96,True,9.238900001946604,False,pairs_decreased,,,,,,,,,,,,,
greedy_time,5,speed,83,65,63,97,95,True,9.255799999664305,False,pairs_decreased,,,,,,,,,,,,,
greedy_time,6,delay,70,62,60,95,80,True,9.114800002862466,False,pairs_decreased,,,,,,,,,,,,,
greedy_time,6,delay,70,62,60,95,80,True,8.313599999382859,False,pairs_decreased,,,,,,,,,,,,,
greedy_time,6,delay,70,62,60,95,80,True,9.19380000050296,False,pairs_decreased,,,,,,,,,,,,,
greedy_time,6,delay,70,62,61,95,94,True,8.67379999908735,False,pairs_decreased,,,,,,,,,,,,,
greedy_time,6,delay,70,62,61,95,94,True,9.347399998659967,False,pairs_decreased,,,,,,,,,,,,,
greedy_time,6,delay,70,62,63,95,96,False,8.523699998477241,True,rollback,,,,,,,,,,,,,
greedy_time,6,delay,70,62,65,95,99,False,8.696900000359165,True,rollback,,,,,,,,,,,,,
greedy_time,6,delay,70,62,65,95,88,False,14.128200000413926,True,rollback,,,,,,,,,,,,,
greedy_time,6,delay,70,62,63,95,84,False,21.13400000234833,True,rollback,,,,,,,,,,,,,
greedy_time,6,delay,70,62,64,95,94,False,9.147400000074413,True,rollback,,,,,,,,,,,,,
greedy_time,6,delay,70,62,61,95,89,True,8.90110000182176,False,pairs_decreased,,,,,,,,,,,,,
greedy_time,6,delay,70,62,61,95,86,True,8.5164000010991,False,pairs_decreased,,,,,,,,,,,,,
greedy_time,6,speed,70,62,63,95,97,False,9.708199999295175,True,rollback,,,,,,,,,,,,,
greedy_time,6,speed,70,62,63,95,96,False,9.024999999382999,True,rollback,,,,,,,,,,,,,
greedy_time,6,speed,70,62,61,95,94,True,8.958499998698244,False,pairs_decreased,,,,,,,,,,,,,
greedy_time,6,speed,70,62,61,95,94,True,8.906999999453546,False,pairs_decreased,,,,,,,,,,,,,
greedy_time,6,speed,70,62,61,95,94,True,9.191399996780092,False,pairs_decreased,,,,,,,,,,,,,
greedy_time,6,delay,87,60,59,80,92,True,9.016699998028344,False,pairs_decreased,,,,,,,,,,,,,
greedy_time,6,delay,87,60,59,80,92,True,8.772499997576233,False,pairs_decreased,,,,,,,,,,,,,
greedy_time,6,delay,87,60,58,80,78,True,9.130000002187444,False,pairs_decreased,,,,,,,,,,,,,
greedy_time,6,delay,87,60,58,80,78,True,8.58929999958491,False,pairs_decreased,,,,,,,,,,,,,
greedy_time,6,delay,87,60,59,80,79,True,14.202799997292459,False,pairs_decreased,,,,,,,,,,,,,
greedy_time,6,delay,87,60,60,80,80,False,21.101700000144774,True,rollback,,,,,,,,,,,,,
greedy_time,6,delay,87,60,60,80,80,False,8.472199999232544,True,rollback,,,,,,,,,,,,,
greedy_time,6,delay,87,60,60,80,80,False,9.449100001802435,True,rollback,,,,,,,,,,,,,
greedy_time,6,delay,87,60,61,80,81,False,9.038699998200173,True,rollback,,,,,,,,,,,,,
greedy_time,6,delay,87,60,60,80,85,False,8.534600001439685,True,rollback,,,,,,,,,,,,,
greedy_time,6,delay,87,60,60,80,85,False,8.510100000421517,True,rollback,,,,,,,,,,,,,
greedy_time,6,delay,87,60,60,80,86,False,9.046700000908459,True,rollback,,,,,,,,,,,,,
greedy_time,6,speed,87,60,60,80,80,False,8.64010000077542,True,rollback,,,,,,,,,,,,,
greedy_time,6,speed,87,60,60,80,80,False,8.414300002186792,True,rollback,,,,,,,,,,,,,
greedy_time,6,speed,87,60,60,80,80,False,8.597899999585934,True,rollback,,,,,,,,,,,,,
greedy_time,6,speed,87,60,59,80,79,True,8.6518000025535,False,pairs_decreased,,,,,,,,,,,,,
greedy_time,6,speed,87,60,58,80,78,True,9.39739999739686,False,pairs_decreased,,,,,,,,,,,,,
greedy_time,7,delay,20,58,59,78,84,False,8.424999999988358,True,rollback,,,,,,,,,,,,,
greedy_time,7,delay,20,58,56,78,74,True,14.338899996801047,False,pairs_decreased,,,,,,,,,,,,,
greedy_time,7,delay,20,58,56,78,74,True,21.03290000013658,False,pairs_decreased,,,,,,,,,,,,,
greedy_time,7,delay,20,58,57,78,75,True,8.222000000387197,False,pairs_decreased,,,,,,,,,,,,,
greedy_time,7,delay,20,58,58,78,78,False,8.732500002224697,True,rollback,,,,,,,,,,,,,
greedy_time,7,delay,20,58,59,78,82,False,9.18180000007851,True,rollback,,,,,,,,,,,,,
greedy_time,7,delay,20,58,60,78,83,False,8.787899998424109,True,rollback,,,,,,,,,,,,,
greedy_time,7,delay,20,58,59,78,82,False,8.828199999697972,True,rollback,,,,,,,,,,,,,
greedy_time,7,delay,20,58,58,78,81,False,8.397300000069663,True,rollback,,,,,,,,,,,,,
greedy_time,7,delay,20,58,59,78,86,False,8.609099997556768,True,rollback,,,,,,,,,,,,,
greedy_time,7,delay,20,58,59,78,80,False,8.266900000307942,True,rollback,,,,,,,,,,,,,
greedy_time,7,delay,20,58,56,78,75,True,8.459700002276804,False,pairs_decreased,,,,,,,,,,,,,
greedy_time,7,speed,20,58,59,78,82,False,9.297399999923073,True,rollback,,,,,,,,,,,,,
greedy_time,7,speed,20,58,59,78,81,False,9.733800001413329,True,rollback,,,,,,,,,,,,,
greedy_time,7,speed,20,58,58,78,78,False,8.83810000232188,True,rollback,,,,,,,,,,,,,
greedy_time,7,speed,20,58,56,78,74,True,13.864199998351978,False,pairs_decreased,,,,,,,,,,,,,
greedy_time,7,speed,20,58,56,78,74,True,21.109399996930733,False,pairs_decreased,,,,,,,,,,,,,
greedy_time,7,delay,2,56,54,74,71,True,8.284700001240708,False,pairs_decreased,,,,,,,,,,,,,
greedy_time,7,delay,2,56,56,74,73,False,8.7850999989314,True,rollback,,,,,,,,,,,,,
greedy_time,7,delay,2,56,55,74,72,True,9.269999998650746,False,pairs_decreased,,,,,,,,,,,,,
greedy_time,7,delay,2,56,55,74,72,True,9.32710000051884,False,pairs_decreased,,,,,,,,,,,,,
greedy_time,7,delay,2,56,56,74,73,False,8.904400001483737,True,rollback,,,,,,,,,,,,,
greedy_time,7,delay,2,56,57,74,75,False,9.13340000261087,True,rollback,,,,,,,,,,,,,
greedy_time,7,delay,2,56,57,74,75,False,9.626600000046892,True,rollback,,,,,,,,,,,,,
greedy_time,7,delay,2,56,58,74,76,False,8.635499998490559,True,rollback,,,,,,,,,,,,,
greedy_time,7,delay,2,56,57,74,75,False,8.306700001412537,True,rollback,,,,,,,,,,,,,
greedy_time,7,delay,2,56,57,74,76,False,9.183299996948335,True,rollback,,,,,,,,,,,,,
greedy_time,7,delay,2,56,56,74,78,False,8.60100000136299,True,rollback,,,,,,,,,,,,,
greedy_time,7,delay,2,56,53,74,70,True,9.075999998458428,False,pairs_decreased,,,,,,,,,,,,,
greedy_time,7,speed,2,56,57,74,75,False,14.157999998133164,True,rollback,,,,,,,,,,,,,
greedy_time,7,speed,2,56,55,74,73,True,22.243600000365404,False,pairs_decreased,,,,,,,,,,,,,
greedy_time,7,speed,2,56,55,74,72,True,9.136599997873418,False,pairs_decreased,,,,,,,,,,,,,
greedy_time,7,speed,2,56,54,74,71,True,8.75820000146632,False,pairs_decreased,,,,,,,,,,,,,
greedy_time,7,speed,2,56,54,74,71,True,9.234400000423193,False,pairs_decreased,,,,,,,,,,,,,
greedy_time,8,delay,14,53,55,70,72,False,8.954199998697732,True,rollback,,,,,,,,,,,,,
greedy_time,8,delay,14,53,52,70,69,True,9.592399997927714,False,pairs_decreased,,,,,,,,,,,,,
greedy_time,8,delay,14,53,52,70,68,True,8.548499998141779,False,pairs_decreased,,,,,,,,,,,,,
greedy_time,8,delay,14,53,51,70,67,True,9.231700001691934,False,pairs_decreased,,,,,,,,,,,,,
greedy_time,8,delay,14,53,52,70,68,True,8.63039999967441,False,pairs_decreased,,,,,,,,,,,,,
greedy_time,8,delay,14,53,53,70,70,False,8.395499997277511,True,rollback,,,,,,,,,,,,,
greedy_time,8,delay,14,53,52,70,69,True,8.837800000037532,False,pairs_decreased,,,,,,,,,,,,,
greedy_time,8,delay,14,53,54,70,71,False,8.250999999290798,True,rollback,,,,,,,,,,,,,
greedy_time,8,delay,14,53,53,70,69,False,9.082099997613113,True,rollback,,,,,,,,,,,,,
greedy_time,8,delay,14,53,53,70,69,False,14.446100001805462,True,rollback,,,,,,,,,,,,,
greedy_time,8,delay,14,53,52,70,68,True,20.970800000213785,False,pairs_decreased,,,,,,,,,,,,,
greedy_time,8,delay,14,53,51,70,67,True,8.588000000600005,False,pairs_decreased,,,,,,,,,,,,,
greedy_time,8,speed,14,53,53,70,70,False,9.1842000001634,True,rollback,,,,,,,,,,,,,
greedy_time,8,speed,14,53,53,70,70,False,9.72380000166595,True,rollback,,,,,,,,,,,,,
greedy_time,8,speed,14,53,53,70,70,False,9.458200001972727,True,rollback,,,,,,,,,,,,,
greedy_time,8,speed,14,53,53,70,70,False,8.879000000888482,True,rollback,,,,,,,,,,,,,
greedy_time,8,speed,14,53,53,70,70,False,8.86499999978696,True,rollback,,,,,,,,,,,,,
greedy_time,8,delay,68,51,52,67,67,False,9.103100001084385,True,rollback,,,,,,,,,,,,,
greedy_time,8,delay,68,51,52,67,67,False,8.945600002334686,True,rollback,,,,,,,,,,,,,
greedy_time,8,delay,68,51,52,67,68,False,8.543699997971999,True,rollback,,,,,,,,,,,,,
greedy_time,8,delay,68,51,52,67,68,False,8.547199999156874,True,rollback,,,,,,,,,,,,,
greedy_time,8,delay,68,51,51,67,67,False,8.804099998087622,True,rollback,,,,,,,,,,,,,
greedy_time,8,delay,68,51,51,67,67,False,8.647800001199357,True,rollback,,,,,,,,,,,,,
greedy_time,8,delay,68,51,51,67,66,False,14.027500001247972,True,rollback,,,,,,,,,,,,,
greedy_time,8,delay,68,51,50,67,65,True,21.848399999726098,False,pairs_decreased,,,,,,,,,,,,,
greedy_time,8,delay,68,51,49,67,64,True,8.965999997599283,False,pairs_decreased,,,,,,,,,,,,,
greedy_time,8,delay,68,51,49,67,64,True,8.723099999770056,False,pairs_decreased,,,,,,,,,,,,,
greedy_time,8,delay,68,51,50,67,68,True,8.628999999928055,False,pairs_decreased,,,,,,,,,,,,,
greedy_time,8,delay,68,51,49,67,64,True,9.113400003116112,False,pairs_decreased,,,,,,,,,,,,,
greedy_time,8,speed,68,51,51,67,67,False,8.987100001832005,True,rollback,,,,,,,,,,,,,
greedy_time,8,speed,68,51,51,67,67,False,9.857300003204728,True,rollback,,,,,,,,,,,,,
greedy_time,8,speed,68,51,51,67,67,False,9.659799998189555,True,rollback,,,,,,,,,,,,,
greedy_time,8,speed,68,51,51,67,67,False,9.375399997225031,True,rollback,,,,,,,,,,,,,
greedy_time,8,speed,68,51,51,67,67,False,10.202399997069733,True,rollback,,,,,,,,,,,,,
greedy_time,9,delay,30,49,50,64,67,False,8.43170000007376,True,rollback,,,,,,,,,,,,,
greedy_time,9,delay,30,49,49,64,66,False,8.524699998815777,True,rollback,,,,,,,,,,,,,
greedy_time,9,delay,30,49,48,64,65,True,9.114600001339568,False,pairs_decreased,,,,,,,,,,,,,
greedy_time,9,delay,30,49,48,64,65,True,14.761700000235578,False,pairs_decreased,,,,,,,,,,,,,
greedy_time,9,delay,30,49,49,64,64,False,21.406799998658244,True,rollback,,,,,,,,,,,,,
greedy_time,9,delay,30,49,49,64,64,False,8.34709999980987,True,rollback,,,,,,,,,,,,,
greedy_time,9,delay,30,49,49,64,64,False,9.00539999929606,True,rollback,,,,,,,,,,,,,
greedy_time,9,delay,30,49,49,64,64,False,8.239700000558514,True,rollback,,,,,,,,,,,,,
greedy_time,9,delay,30,49,49,64,64,False,8.551200000511017,True,rollback,,,,,,,,,,,,,
greedy_time,9,delay,30,49,49,64,64,False,8.72209999943152,True,rollback,,,,,,,,,,,,,
greedy_time,9,delay,30,49,49,64,64,False,8.632200002466561,True,rollback,,,,,,,,,,,,,
greedy_time,9,delay,30,49,51,64,66,False,8.61349999831873,True,rollback,,,,,,,,,,,,,
greedy_time,9,speed,30,49,49,64,64,False,8.543600000848528,True,rollback,,,,,,,,,,,,,
greedy_time,9,speed,30,49,49,64,64,False,8.824599997751648,True,rollback,,,,,,,,,,,,,
greedy_time,9,speed,30,49,49,64,64,False,8.646899997984292,True,rollback,,,,,,,,,,,,,
greedy_time,9,speed,30,49,49,64,64,False,8.580800000345334,True,rollback,,,,,,,,,,,,,
greedy_time,9,speed,30,49,49,64,66,False,8.723899998585694,True,rollback,,,,,,,,,,,,,
greedy_time,9,delay,33,48,45,65,62,True,14.267300000938121,False,pairs_decreased,,,,,,,,,,,,,
greedy_time,9,delay,33,48,46,65,63,True,21.295099999406375,False,pairs_decreased,,,,,,,,,,,,,
greedy_time,9,delay,33,48,46,65,63,True,8.56500000008964,False,pairs_decreased,,,,,,,,,,,,,
greedy_time,9,delay,33,48,48,65,65,False,8.683100000780541,True,rollback,,,,,,,,,,,,,
greedy_time,9,delay,33,48,49,65,66,False,8.43190000159666,True,rollback,,,,,,,,,,,,,
greedy_time,9,delay,33,48,48,65,65,False,8.722800001123687,True,rollback,,,,,,,,,,,,,
greedy_time,9,delay,33,48,48,65,65,False,8.815600001980783,True,rollback,,,,,,,,,,,,,
greedy_time,9,delay,33,48,47,65,64,True,8.541799998056376,False,pairs_decreased,,,,,,,,,,,,,
greedy_time,9,delay,33,48,47,65,64,True,9.008899996842956,False,pairs_decreased,,,,,,,,,,,,,
greedy_time,9,delay,33,48,47,65,64,True,8.520800001861062,False,pairs_decreased,,,,,,,,,,,,,
greedy_time,9,delay,33,48,48,65,65,False,9.387199999764562,True,rollback,,,,,,,,,,,,,
greedy_time,9,delay,33,48,48,65,65,False,8.491300002788194,True,rollback,,,,,,,,,,,,,
greedy_time,9,speed,33,48,48,65,65,False,9.901800000079675,True,rollback,,,,,,,,,,,,,
greedy_time,9,speed,33,48,48,65,65,False,9.581900001649046,True,rollback,,,,,,,,,,,,,
greedy_time,9,speed,33,48,48,65,65,False,14.377700001205085,True,rollback,,,,,,,,,,,,,
greedy_time,9,speed,33,48,48,65,65,False,21.176300000661286,True,rollback,,,,,,,,,,,,,
greedy_time,9,speed,33,48,48,65,65,False,9.506599999440368,True,rollback,,,,,,,,,,,,,
greedy_time,10,delay,44,45,43,62,61,True,8.708500001375796,False,pairs_decreased,,,,,,,,,,,,,
greedy_time,10,delay,44,45,44,62,62,True,8.495900001435075,False,pairs_decreased,,,,,,,,,,,,,
greedy_time,10,delay,44,45,45,62,63,False,8.542699997633463,True,rollback,,,,,,,,,,,,,
greedy_time,10,delay,44,45,45,62,62,False,8.957999998528976,True,rollback,,,,,,,,,,,,,
greedy_time,10,delay,44,45,44,62,61,True,8.754400001635076,False,pairs_decreased,,,,,,,,,,,,,
greedy_time,10,delay,44,45,46,62,63,False,9.269800000765827,True,rollback,,,,,,,,,,,,,
greedy_time,10,delay,44,45,45,62,63,False,8.922000000893604,True,rollback,,,,,,,,,,,,,
greedy_time,10,delay,44,45,44,62,63,True,8.351399999810383,False,pairs_decreased,,,,,,,,,,,,,
greedy_time,10,delay,44,45,44,62,63,True,9.062000000994885,False,pairs_decreased,,,,,,,,,,,,,
greedy_time,10,delay,44,45,43,62,62,True,8.873600003425963,False,pairs_decreased,,,,,,,,,,,,,
greedy_time,10,delay,44,45,43,62,60,True,9.16970000253059,False,pairs_decreased,,,,,,,,,,,,,
greedy_time,10,delay,44,45,43,62,60,True,14.240099997550715,False,pairs_decreased,,,,,,,,,,,,,
greedy_time,10,speed,44,45,45,62,62,False,21.064799999294337,True,rollback,,,,,,,,,,,,,
greedy_time,10,speed,44,45,45,62,62,False,9.040799999638693,True,rollback,,,,,,,,,,,,,
greedy_time,10,speed,44,45,45,62,62,False,8.54579999941052,True,rollback,,,,,,,,,,,,,
greedy_time,10,speed,44,45,44,62,61,True,8.931299998948816,False,pairs_decreased,,,,,,,,,,,,,
greedy_time,10,speed,44,45,44,62,61,True,8.888100001058774,False,pairs_decreased,,,,,,,,,,,,,
greedy_time,10,delay,89,43,43,60,61,False,9.200500000588363,True,rollback,,,,,,,,,,,,,
greedy_time,10,delay,89,43,43,60,61,False,8.862999999109888,True,rollback,,,,,,,,,,,,,
greedy_time,10,delay,89,43,43,60,61,False,8.953600001404993,True,rollback,,,,,,,,,,,,,
greedy_time,10,delay,89,43,43,60,61,False,8.808299997326685,True,rollback,,,,,,,,,,,,,
greedy_time,10,delay,89,43,43,60,60,False,8.198400002584094,True,rollback,,,,,,,,,,,,,
greedy_time,10,delay,89,43,43,60,60,False,9.510100000625243,True,rollback,,,,,,,,,,,,,
greedy_time,10,delay,89,43,44,60,61,False,8.741900001041358,True,rollback,,,,,,,,,,,,,
greedy_time,10,delay,89,43,43,60,60,False,8.532399999239715,True,rollback,,,,,,,,,,,,,
greedy_time,10,delay,89,43,44,60,61,False,14.687999999296153,True,rollback,,,,,,,,,,,,,
greedy_time,10,delay,89,43,43,60,60,False,21.491399998922134,True,rollback,,,,,,,,,,,,,
greedy_time,10,delay,89,43,43,60,60,False,8.579800000006799,True,rollback,,,,,,,,,,,,,
greedy_time,10,delay,89,43,41,60,58,True,8.154999999533175,False,pairs_decreased,,,,,,,,,,,,,
greedy_time,10,speed,89,43,43,60,60,False,8.786499998677755,True,rollback,,,,,,,,,,,,,
greedy_time,10,speed,89,43,43,60,60,False,8.807300000626128,True,rollback,,,,,,,,,,,,,
greedy_time,10,speed,89,43,43,60,60,False,9.712600000057137,True,rollback,,,,,,,,,,,,,
greedy_time,10,speed,89,43,43,60,60,False,9.36350000120001,True,rollback,,,,,,,,,,,,,
greedy_time,10,speed,89,43,43,60,61,False,9.027200001582969,True,rollback,,,,,,,,,,,,,
greedy_time,11,delay,69,41,42,58,52,False,8.734999999433057,True,rollback,,,,,,,,,,,,,
greedy_time,11,delay,69,41,41,58,51,False,8.7511000019731,True,rollback,,,,,,,,,,,,,
greedy_time,11,delay,69,41,42,58,58,False,8.408300000155577,True,rollback,,,,,,,,,,,,,
greedy_time,11,delay,69,41,41,58,58,False,8.638200000859797,True,rollback,,,,,,,,,,,,,
greedy_time,11,delay,69,41,41,58,58,False,8.384300002944656,True,rollback,,,,,,,,,,,,,
greedy_time,11,delay,69,41,41,58,54,False,13.666999999259133,True,rollback,,,,,,,,,,,,,
greedy_time,11,delay,69,41,42,58,52,False,21.919099999649916,True,rollback,,,,,,,,,,,,,
greedy_time,11,delay,69,41,42,58,52,False,8.54790000084904,True,rollback,,,,,,,,,,,,,
greedy_time,11,delay,69,41,43,58,53,False,8.364699999219738,True,rollback,,,,,,,,,,,,,
greedy_time,11,delay,69,41,43,58,53,False,8.76079999943613,True,rollback,,,,,,,,,,,,,
greedy_time,11,delay,69,41,44,58,54,False,8.456700001261197,True,rollback,,,,,,,,,,,,,
greedy_time,11,delay,69,41,45,58,56,False,8.56240000211983,True,rollback,,,,,,,,,,,,,
greedy_time,11,speed,69,41,42,58,59,False,9.555600001476705,True,rollback,,,,,,,,,,,,,
greedy_time,11,speed,69,41,41,58,58,False,9.062299999641255,True,rollback,,,,,,,,,,,,,
greedy_time,11,speed,69,41,41,58,58,False,9.31240000136313,True,rollback,,,,,,,,,,,,,
greedy_time,11,speed,69,41,41,58,58,False,9.40459999765153,True,rollback,,,,,,,,,,,,,
greedy_time,11,speed,69,41,41,58,58,False,9.27120000051218,True,rollback,,,,,,,,,,,,,
greedy_time,11,delay,85,41,42,58,53,False,8.894599999621278,True,rollback,,,,,,,,,,,,,
greedy_time,11,delay,85,41,42,58,56,False,8.51669999974547,True,rollback,,,,,,,,,,,,,
greedy_time,11,delay,85,41,41,58,56,False,13.73569999850588,True,rollback,,,,,,,,,,,,,
greedy_time,11,delay,85,41,41,58,57,False,21.67340000232798,True,rollback,,,,,,,,,,,,,
greedy_time,11,delay,85,41,41,58,59,False,8.568600002035964,True,rollback,,,,,,,,,,,,,
greedy_time,11,delay,85,41,41,58,58,False,8.888799999112962,True,rollback,,,,,,,,,,,,,
greedy_time,11,delay,85,41,42,58,60,False,9.106299999984913,True,rollback,,,,,,,,,,,,,
greedy_time,11,delay,85,41,42,58,59,False,8.421300000918563,True,rollback,,,,,,,,,,,,,
greedy_time,11,delay,85,41,42,58,59,False,8.305499999551103,True,rollback,,,,,,,,,,,,,
greedy_time,11,delay,85,41,41,58,58,False,8.561900001950562,True,rollback,,,,,,,,,,,,,
greedy_time,11,delay,85,41,41,58,58,False,9.356799997476628,True,rollback,,,,,,,,,,,,,
greedy_time,11,delay,85,41,41,58,63,False,9.708699999464443,True,rollback,,,,,,,,,,,,,
greedy_time,11,speed,85,41,41,58,59,False,9.635800000978634,True,rollback,,,,,,,,,,,,,
greedy_time,11,speed,85,41,41,58,58,False,8.745099999941885,True,rollback,,,,,,,,,,,,,
greedy_time,11,speed,85,41,41,58,59,False,9.338100000604754,True,rollback,,,,,,,,,,,,,
greedy_time,11,speed,85,41,41,58,58,False,8.846100001392188,True,rollback,,,,,,,,,,,,,
greedy_time,11,speed,85,41,41,58,57,False,14.22630000161007,True,rollback,,,,,,,,,,,,,
stage2_independent_matching,0,cruise_level,5,41,40,58,51,True,9.494300000369549,False,pairs_decreased,reroute,head_to_head,0,7,5-85,0,0.15,0.15,0.7,0.075,0.075,0.85,ADM_ref6_independent_matching
stage2_independent_matching,1,cruise_level,69,40,40,51,44,False,9.188500000163913,True,rollback,reroute,cluster,0,7,69-77,0,0.5,0.3,0.2,,,,ADM_ref6_independent_matching
stage2_independent_matching,1,cruise_level,69,40,38,51,42,True,8.54119999712566,False,pairs_decreased,reroute,cluster,0,7,69-77,1,0.5,0.3,0.2,0.25,0.15,0.6,ADM_ref6_independent_matching
stage2_independent_matching,2,cruise_level,13,38,36,42,38,True,8.604400001786416,False,pairs_decreased,reroute,cluster,0,3,13-30,0,0.25,0.15,0.6,0.125,0.075,0.8,ADM_ref6_independent_matching
stage2_independent_matching,3,delay,1,36,36,38,38,False,8.788999999524094,True,rollback,delay,crossing,0,2,1-96,0,0.25,0.6,0.15,,,,ADM_ref6_independent_matching
stage2_independent_matching,3,delay,96,36,36,38,38,False,8.374299999559298,True,rollback,delay,crossing,0,2,1-96,1,0.25,0.6,0.15,,,,ADM_ref6_independent_matching
stage2_independent_matching,3,delay,1,36,34,38,35,True,9.062299999641255,False,pairs_decreased,delay,crossing,0,2,1-96,2,0.25,0.6,0.15,0.625,0.3,0.075,ADM_ref6_independent_matching
stage2_independent_matching,4,cruise_level,62,34,32,35,32,True,9.337800001958385,False,pairs_decreased,reroute,cluster,0,2,62-83,0,0.125,0.075,0.8,0.0625,0.0375,0.9,ADM_ref6_independent_matching
stage2_independent_matching,5,delay,3,32,34,32,34,False,8.41969999964931,True,rollback,delay,crossing,0,1,3-32,0,0.625,0.3,0.075,,,,ADM_ref6_independent_matching
stage2_independent_matching,5,delay,32,32,33,32,33,False,8.589200002461439,True,rollback,delay,crossing,0,1,3-32,1,0.625,0.3,0.075,,,,ADM_ref6_independent_matching
stage2_independent_matching,5,delay,32,32,33,32,33,False,8.921900000132155,True,rollback,delay,crossing,0,1,3-32,2,0.625,0.3,0.075,,,,ADM_ref6_independent_matching
stage2_independent_matching,5,delay,3,32,35,32,35,False,12.035199997626478,True,rollback,delay,crossing,0,1,3-32,3,0.625,0.3,0.075,,,,ADM_ref6_independent_matching
stage2_independent_matching,5,delay,3,32,35,32,35,False,23.91619999980321,True,rollback,delay,crossing,0,1,3-32,4,0.625,0.3,0.075,,,,ADM_ref6_independent_matching
stage2_independent_matching,5,delay,3,32,34,32,34,False,8.74860000112676,True,rollback,delay,crossing,0,1,3-32,5,0.625,0.3,0.075,,,,ADM_ref6_independent_matching
stage2_independent_matching,5,delay,3,32,33,32,33,False,8.374699998967117,True,rollback,delay,crossing,0,1,3-32,6,0.625,0.3,0.075,,,,ADM_ref6_independent_matching
stage2_independent_matching,5,delay,3,32,32,32,32,False,8.50219999847468,True,rollback,delay,crossing,0,1,3-32,7,0.625,0.3,0.075,,,,ADM_ref6_independent_matching
stage2_independent_matching,5,speed,32,32,34,32,34,False,8.936900001572212,True,rollback,speed,crossing,0,1,3-32,0,0.625,0.3,0.075,,,,ADM_ref6_independent_matching
stage2_independent_matching,5,speed,32,32,34,32,34,False,9.638400002586422,True,rollback,speed,crossing,0,1,3-32,1,0.625,0.3,0.075,,,,ADM_ref6_independent_matching
stage2_independent_matching,5,speed,32,32,33,32,33,False,9.117199999309378,True,rollback,speed,crossing,0,1,3-32,2,0.625,0.3,0.075,,,,ADM_ref6_independent_matching
stage2_independent_matching,5,speed,3,32,33,32,33,False,9.859199999482371,True,rollback,speed,crossing,0,1,3-32,3,0.625,0.3,0.075,,,,ADM_ref6_independent_matching
stage2_independent_matching,5,speed,3,32,33,32,33,False,9.49160000163829,True,rollback,speed,crossing,0,1,3-32,4,0.625,0.3,0.075,,,,ADM_ref6_independent_matching
stage2_independent_matching,5,speed,32,32,32,32,32,False,8.965500001067994,True,rollback,speed,crossing,0,1,3-32,5,0.625,0.3,0.075,,,,ADM_ref6_independent_matching
stage2_independent_matching,5,speed,32,32,32,32,32,False,9.975799999665469,True,rollback,speed,crossing,0,1,3-32,6,0.625,0.3,0.075,,,,ADM_ref6_independent_matching
stage2_independent_matching,5,speed,3,32,32,32,32,False,8.701299997483147,True,rollback,speed,crossing,0,1,3-32,7,0.625,0.3,0.075,,,,ADM_ref6_independent_matching
stage2_independent_matching,5,cruise_level,3,32,32,32,38,False,9.497400002146605,True,rollback,reroute,crossing,0,1,3-32,0,0.625,0.3,0.075,,,,ADM_ref6_independent_matching
stage2_independent_matching,5,cruise_level,3,32,32,32,32,False,14.582700001483317,True,rollback,reroute,crossing,0,1,3-32,1,0.625,0.3,0.075,,,,ADM_ref6_independent_matching
stage2_independent_matching,5,cruise_level,3,32,33,32,33,False,20.82650000011199,True,rollback,reroute,crossing,0,1,3-32,2,0.625,0.3,0.075,,,,ADM_ref6_independent_matching
stage2_independent_matching,5,cruise_level,32,32,31,32,31,True,9.343400000943802,False,pairs_decreased,reroute,crossing,0,1,3-32,3,0.625,0.3,0.075,0.3125,0.15,0.5375,ADM_ref6_independent_matching
stage2_independent_matching,6,delay,6,31,30,31,30,True,8.382699998037424,False,pairs_decreased,delay,crossing,0,1,6-23,0,0.3125,0.15,0.5375,,,,ADM_ref6_independent_matching
stage2_independent_matching,6,delay,23,31,31,31,31,False,9.115400000155205,True,rollback,delay,crossing,0,1,6-23,1,0.3125,0.15,0.5375,,,,ADM_ref6_independent_matching
stage2_independent_matching,6,delay,6,31,29,31,29,True,9.211900000082096,False,pairs_decreased,delay,crossing,0,1,6-23,2,0.3125,0.15,0.5375,0.65625,0.075,0.26875,ADM_ref6_independent_matching
stage2_independent_matching,7,cruise_level,7,29,28,29,33,True,9.253200001694495,False,pairs_decreased,reroute,head_to_head,0,1,7-27,0,0.075,0.075,0.85,0.0375,0.0375,0.925,ADM_ref6_independent_matching
stage2_independent_matching,8,cruise_level,7,28,30,33,31,False,9.476899998844601,True,rollback,reroute,head_to_head,0,6,7-83,0,0.0375,0.0375,0.925,,,,ADM_ref6_independent_matching
stage2_independent_matching,8,cruise_level,7,28,28,33,33,False,9.051899996848078,True,rollback,reroute,head_to_head,0,6,7-83,1,0.0375,0.0375,0.925,,,,ADM_ref6_independent_matching
stage2_independent_matching,8,cruise_level,83,28,29,33,35,False,9.008499997435138,True,rollback,reroute,head_to_head,0,6,7-83,2,0.0375,0.0375,0.925,,,,ADM_ref6_independent_matching
stage2_independent_matching,8,reroute,7,28,27,33,27,True,9.133199997449992,False,pairs_decreased,reroute,head_to_head,0,6,7-83,3,0.0375,0.0375,0.925,0.01875,0.01875,0.9625,ADM_ref6_independent_matching
stage2_independent_matching,9,delay,9,27,28,27,28,False,8.604599999671336,True,rollback,delay,crossing,0,1,9-63,0,0.65625,0.075,0.26875,,,,ADM_ref6_independent_matching
stage2_independent_matching,9,delay,63,27,27,27,27,False,8.914199999708217,True,rollback,delay,crossing,0,1,9-63,1,0.65625,0.075,0.26875,,,,ADM_ref6_independent_matching
stage2_independent_matching,9,delay,9,27,29,27,29,False,11.819600000308128,True,rollback,delay,crossing,0,1,9-63,2,0.65625,0.075,0.26875,,,,ADM_ref6_independent_matching
stage2_independent_matching,9,delay,9,27,28,27,28,False,23.152900001150556,True,rollback,delay,crossing,0,1,9-63,3,0.65625,0.075,0.26875,,,,ADM_ref6_independent_matching
stage2_independent_matching,9,delay,9,27,28,27,28,False,8.389599999645725,True,rollback,delay,crossing,0,1,9-63,4,0.65625,0.075,0.26875,,,,ADM_ref6_independent_matching
stage2_independent_matching,9,delay,9,27,27,27,27,False,8.31079999989015,True,rollback,delay,crossing,0,1,9-63,5,0.65625,0.075,0.26875,,,,ADM_ref6_independent_matching
stage2_independent_matching,9,delay,63,27,27,27,28,False,8.570300000428688,True,rollback,delay,crossing,0,1,9-63,6,0.65625,0.075,0.26875,,,,ADM_ref6_independent_matching
stage2_independent_matching,9,delay,63,27,25,27,25,True,8.559000001696404,False,pairs_decreased,delay,crossing,0,1,9-63,7,0.65625,0.075,0.26875,0.828125,0.0375,0.134375,ADM_ref6_independent_matching
stage2_independent_matching,10,cruise_level,11,25,25,25,26,False,9.229200000845594,True,rollback,reroute,head_to_head,0,1,11-54,0,0.01875,0.01875,0.9625,,,,ADM_ref6_independent_matching
stage2_independent_matching,10,cruise_level,11,25,23,25,23,True,8.906499999284279,False,pairs_decreased,reroute,head_to_head,0,1,11-54,1,0.01875,0.01875,0.9625,0.009375,0.009375,0.98125,ADM_ref6_independent_matching
stage2_independent_matching,11,cruise_level,14,23,23,23,23,False,8.955400000559166,True,rollback,reroute,crossing,0,1,14-29,0,0.828125,0.0375,0.134375,,,,ADM_ref6_independent_matching
stage2_independent_matching,11,cruise_level,14,23,23,23,23,False,8.825900000374531,True,rollback,reroute,crossing,0,1,14-29,1,0.828125,0.0375,0.134375,,,,ADM_ref6_independent_matching
stage2_independent_matching,11,cruise_level,14,23,23,23,23,False,8.801299998594914,True,rollback,reroute,crossing,0,1,14-29,2,0.828125,0.0375,0.134375,,,,ADM_ref6_independent_matching
stage2_independent_matching,11,cruise_level,29,23,24,23,24,False,8.7219000015466,True,rollback,reroute,crossing,0,1,14-29,3,0.828125,0.0375,0.134375,,,,ADM_ref6_independent_matching
stage2_independent_matching,11,cruise_level,29,23,23,23,23,False,8.71249999909196,True,rollback,reroute,crossing,0,1,14-29,4,0.828125,0.0375,0.134375,,,,ADM_ref6_independent_matching
stage2_independent_matching,11,cruise_level,29,23,24,23,24,False,9.724400002596667,True,rollback,reroute,crossing,0,1,14-29,5,0.828125,0.0375,0.134375,,,,ADM_ref6_independent_matching
stage2_independent_matching,11,reroute,14,23,22,23,22,True,24.839699999574805,False,pairs_decreased,reroute,crossing,0,1,14-29,6,0.828125,0.0375,0.134375,0.4140625,0.01875,0.5671875,ADM_ref6_independent_matching
stage2_independent_matching,12,cruise_level,15,22,22,22,22,False,8.977500001492444,True,rollback,reroute,head_to_head,0,1,15-24,0,0.009375,0.009375,0.98125,,,,ADM_ref6_independent_matching
stage2_independent_matching,12,cruise_level,15,22,23,22,24,False,9.304799998062663,True,rollback,reroute,head_to_head,0,1,15-24,1,0.009375,0.009375,0.98125,,,,ADM_ref6_independent_matching
stage2_independent_matching,12,cruise_level,24,22,20,22,20,True,8.421499998803483,False,pairs_decreased,reroute,head_to_head,0,1,15-24,2,0.009375,0.009375,0.98125,0.0046875,0.0046875,0.990625,ADM_ref6_independent_matching
stage2_independent_matching,13,delay,16,20,23,20,31,False,8.861400001478614,True,rollback,delay,crossing,0,1,16-82,0,0.4140625,0.01875,0.5671875,,,,ADM_ref6_independent_matching
stage2_independent_matching,13,delay,82,20,22,20,32,False,8.322500001668232,True,rollback,delay,crossing,0,1,16-82,1,0.4140625,0.01875,0.5671875,,,,ADM_ref6_independent_matching
stage2_independent_matching,13,delay,16,20,24,20,32,False,8.701599999767495,True,rollback,delay,crossing,0,1,16-82,2,0.4140625,0.01875,0.5671875,,,,ADM_ref6_independent_matching
stage2_independent_matching,13,delay,16,20,23,20,31,False,9.062299999641255,True,rollback,delay,crossing,0,1,16-82,3,0.4140625,0.01875,0.5671875,,,,ADM_ref6_independent_matching
stage2_independent_matching,13,delay,16,20,23,20,28,False,8.381799998460338,True,rollback,delay,crossing,0,1,16-82,4,0.4140625,0.01875,0.5671875,,,,ADM_ref6_independent_matching
stage2_independent_matching,13,delay,16,20,22,20,27,False,9.085800000320887,True,rollback,delay,crossing,0,1,16-82,5,0.4140625,0.01875,0.5671875,,,,ADM_ref6_independent_matching
stage2_independent_matching,13,delay,16,20,20,20,20,False,8.924599998863414,True,rollback,delay,crossing,0,1,16-82,6,0.4140625,0.01875,0.5671875,,,,ADM_ref6_independent_matching
stage2_independent_matching,13,delay,82,20,23,20,33,False,8.617800001957221,True,rollback,delay,crossing,0,1,16-82,7,0.4140625,0.01875,0.5671875,,,,ADM_ref6_independent_matching
stage2_independent_matching,13,cruise_level,16,20,24,20,24,False,9.47979999909876,True,rollback,reroute,crossing,0,1,16-82,0,0.4140625,0.01875,0.5671875,,,,ADM_ref6_independent_matching
stage2_independent_matching,13,cruise_level,16,20,21,20,21,False,10.499400003027404,True,rollback,reroute,crossing,0,1,16-82,1,0.4140625,0.01875,0.5671875,,,,ADM_ref6_independent_matching
stage2_independent_matching,13,cruise_level,82,20,23,20,24,False,24.503900000127032,True,rollback,reroute,crossing,0,1,16-82,2,0.4140625,0.01875,0.5671875,,,,ADM_ref6_independent_matching
stage2_independent_matching,13,cruise_level,82,20,20,20,20,False,8.676999997987878,True,rollback,reroute,crossing,0,1,16-82,3,0.4140625,0.01875,0.5671875,,,,ADM_ref6_independent_matching
stage2_independent_matching,13,cruise_level,82,20,24,20,24,False,8.657400001538917,True,rollback,reroute,crossing,0,1,16-82,4,0.4140625,0.01875,0.5671875,,,,ADM_ref6_independent_matching
stage2_independent_matching,13,reroute,16,20,22,20,23,False,8.994900003017392,True,rollback,reroute,crossing,0,1,16-82,5,0.4140625,0.01875,0.5671875,,,,ADM_ref6_independent_matching
stage2_independent_matching,13,reroute,82,20,21,20,21,False,8.369900002435315,True,rollback,reroute,crossing,0,1,16-82,6,0.4140625,0.01875,0.5671875,,,,ADM_ref6_independent_matching
stage2_independent_matching,13,speed,82,20,21,20,21,False,8.790200001385529,True,rollback,speed,crossing,0,1,16-82,0,0.4140625,0.01875,0.5671875,,,,ADM_ref6_independent_matching
stage2_independent_matching,13,speed,82,20,20,20,20,False,9.014499999466352,True,rollback,speed,crossing,0,1,16-82,1,0.4140625,0.01875,0.5671875,,,,ADM_ref6_independent_matching
stage2_independent_matching,13,speed,82,20,20,20,20,False,8.460299999569543,True,rollback,speed,crossing,0,1,16-82,2,0.4140625,0.01875,0.5671875,,,,ADM_ref6_independent_matching
stage2_independent_matching,13,speed,16,20,22,20,23,False,9.534900000289781,True,rollback,speed,crossing,0,1,16-82,3,0.4140625,0.01875,0.5671875,,,,ADM_ref6_independent_matching
stage2_independent_matching,13,speed,16,20,22,20,23,False,9.23270000203047,True,rollback,speed,crossing,0,1,16-82,4,0.4140625,0.01875,0.5671875,,,,ADM_ref6_independent_matching
stage2_independent_matching,13,speed,82,20,20,20,20,False,9.030599998368416,True,rollback,speed,crossing,0,1,16-82,5,0.4140625,0.01875,0.5671875,,,,ADM_ref6_independent_matching
stage2_independent_matching,13,speed,82,20,20,20,20,False,9.039399999892339,True,rollback,speed,crossing,0,1,16-82,6,0.4140625,0.01875,0.5671875,,,,ADM_ref6_independent_matching
stage2_independent_matching,13,speed,16,20,20,20,20,True,9.847900000750087,False,soft_decreased,speed,crossing,0,1,16-82,7,0.4140625,0.01875,0.5671875,0.20703125,0.509375,0.28359375,ADM_ref6_independent_matching
stage2_independent_matching,14,speed,16,20,18,20,18,True,9.720599999127444,False,pairs_decreased,speed,crossing,0,1,16-82,0,0.20703125,0.509375,0.28359375,0.103515625,0.7546875,0.141796875,ADM_ref6_independent_matching
stage2_independent_matching,15,cruise_level,18,18,17,18,17,True,20.804499999940163,False,pairs_decreased,reroute,head_to_head,0,1,18-80,0,0.0046875,0.0046875,0.990625,0.00234375,0.00234375,0.9953125,ADM_ref6_independent_matching
stage2_independent_matching,16,speed,18,17,18,17,18,False,9.024000002682442,True,rollback,speed,crossing,0,1,18-90,0,0.103515625,0.7546875,0.141796875,,,,ADM_ref6_independent_matching
stage2_independent_matching,16,speed,18,17,17,17,17,True,8.769000000029337,False,soft_decreased,speed,crossing,0,1,18-90,1,0.103515625,0.7546875,0.141796875,,,,ADM_ref6_independent_matching
stage2_independent_matching,16,speed,18,17,17,17,17,True,9.225899997545639,False,soft_decreased,speed,crossing,0,1,18-90,2,0.103515625,0.7546875,0.141796875,,,,ADM_ref6_independent_matching
stage2_independent_matching,16,speed,90,17,16,17,16,True,8.786499998677755,False,pairs_decreased,speed,crossing,0,1,18-90,3,0.103515625,0.7546875,0.141796875,0.0517578125,0.87734375,0.0708984375,ADM_ref6_independent_matching
stage2_independent_matching,17,cruise_level,20,16,16,16,16,False,9.573499999532942,True,rollback,reroute,head_to_head,0,1,20-61,0,0.00234375,0.00234375,0.9953125,,,,ADM_ref6_independent_matching
stage2_independent_matching,17,cruise_level,20,16,19,16,23,False,8.57190000169794,True,rollback,reroute,head_to_head,0,1,20-61,1,0.00234375,0.00234375,0.9953125,,,,ADM_ref6_independent_matching
stage2_independent_matching,17,cruise_level,61,16,15,16,15,True,9.118699999817181,False,pairs_decreased,reroute,head_to_head,0,1,20-61,2,0.00234375,0.00234375,0.9953125,0.001171875,0.001171875,0.99765625,ADM_ref6_independent_matching
stage2_independent_matching,18,speed,70,15,14,15,14,True,9.883200000331271,False,pairs_decreased,speed,crossing,0,1,23-70,0,0.0517578125,0.87734375,0.0708984375,0.02587890625,0.938671875,0.03544921875,ADM_ref6_independent_matching
stage2_independent_matching,19,cruise_level,30,14,15,14,17,False,8.745499999349704,True,rollback,reroute,head_to_head,0,1,30-49,0,0.001171875,0.001171875,0.99765625,,,,ADM_ref6_independent_matching
stage2_independent_matching,19,cruise_level,30,14,14,14,14,False,8.495699999912176,True,rollback,reroute,head_to_head,0,1,30-49,1,0.001171875,0.001171875,0.99765625,,,,ADM_ref6_independent_matching
stage2_independent_matching,19,cruise_level,30,14,14,14,14,False,8.813600001303712,True,rollback,reroute,head_to_head,0,1,30-49,2,0.001171875,0.001171875,0.99765625,,,,ADM_ref6_independent_matching
stage2_independent_matching,19,cruise_level,49,14,13,14,13,True,11.612400001467904,False,pairs_decreased,reroute,head_to_head,0,1,30-49,3,0.001171875,0.001171875,0.99765625,0.0005859375,0.0005859375,0.998828125,ADM_ref6_independent_matching
local_reroute,1,reroute,34,13,13,13,13,False,21.882799999730196,True,rollback,,,,,,,,,,,,,
local_reroute,2,reroute,34,13,12,13,12,True,9.584800001903204,False,pairs_decreased,,,,,,,,,,,,,
local_reroute,3,reroute,34,12,12,12,12,False,8.72440000239294,True,rollback,,,,,,,,,,,,,
local_reroute,4,reroute,34,12,12,12,12,False,9.060300002602162,True,rollback,,,,,,,,,,,,,
local_reroute,5,reroute,44,12,14,12,16,False,8.878000000549946,True,rollback,,,,,,,,,,,,,
local_reroute,6,reroute,44,12,13,12,13,False,9.124799998971866,True,rollback,,,,,,,,,,,,,
local_reroute,7,reroute,44,12,15,12,17,False,9.013099999719998,True,rollback,,,,,,,,,,,,,
local_reroute,8,reroute,44,12,14,12,14,False,8.98109999980079,True,rollback,,,,,,,,,,,,,
local_reroute,9,reroute,34,12,11,12,11,True,8.742499998334097,False,pairs_decreased,,,,,,,,,,,,,
local_reroute,10,reroute,34,11,11,11,11,False,8.893499998521293,True,rollback,,,,,,,,,,,,,
local_reroute,11,reroute,34,11,11,11,11,False,9.196700000757119,True,rollback,,,,,,,,,,,,,
local_reroute,12,reroute,86,11,11,11,11,False,9.24010000017006,True,rollback,,,,,,,,,,,,,
local_reroute,13,reroute,86,11,11,11,11,False,24.90380000017467,True,rollback,,,,,,,,,,,,,
local_reroute,14,reroute,86,11,11,11,11,False,9.210299998812843,True,rollback,,,,,,,,,,,,,
local_reroute,15,reroute,86,11,11,11,11,False,9.184999998979038,True,rollback,,,,,,,,,,,,,
local_reroute,16,reroute,35,11,10,11,10,True,9.325700000772486,False,pairs_decreased,,,,,,,,,,,,,
local_reroute,17,reroute,35,10,10,10,10,True,8.476300001348136,False,soft_decreased,,,,,,,,,,,,,
local_reroute,18,reroute,95,10,11,10,13,False,8.84320000113803,True,rollback,,,,,,,,,,,,,
local_reroute,19,reroute,95,10,11,10,12,False,8.688099998835241,True,rollback,,,,,,,,,,,,,
local_reroute,20,reroute,95,10,11,10,13,False,8.864200000971323,True,rollback,,,,,,,,,,,,,
greedy_time,12,delay,74,10,9,10,9,True,9.15990000066813,False,pairs_decreased,,,,,,,,,,,,,
greedy_time,12,delay,74,10,9,10,9,True,8.235000001150183,False,pairs_decreased,,,,,,,,,,,,,
greedy_time,12,delay,74,10,10,10,10,False,8.75389999782783,True,rollback,,,,,,,,,,,,,
greedy_time,12,delay,74,10,11,10,11,False,8.676599998580059,True,rollback,,,,,,,,,,,,,
greedy_time,12,delay,74,10,11,10,11,False,9.58570000148029,True,rollback,,,,,,,,,,,,,
greedy_time,12,delay,74,10,10,10,10,False,11.198300002433825,True,rollback,,,,,,,,,,,,,
greedy_time,12,delay,74,10,10,10,10,False,24.846399999660207,True,rollback,,,,,,,,,,,,,
greedy_time,12,delay,74,10,10,10,10,False,8.477399998810142,True,rollback,,,,,,,,,,,,,
greedy_time,12,delay,74,10,9,10,9,True,8.746999999857508,False,pairs_decreased,,,,,,,,,,,,,
greedy_time,12,delay,74,10,8,10,8,True,9.144600000581704,False,pairs_decreased,,,,,,,,,,,,,
greedy_time,12,delay,74,10,9,10,9,True,8.910599997761892,False,pairs_decreased,,,,,,,,,,,,,
greedy_time,12,delay,74,10,8,10,8,True,9.199200001603458,False,pairs_decreased,,,,,,,,,,,,,
greedy_time,12,speed,74,10,10,10,10,False,10.177100000873907,True,rollback,,,,,,,,,,,,,
greedy_time,12,speed,74,10,10,10,10,False,9.11919999998645,True,rollback,,,,,,,,,,,,,
greedy_time,12,speed,74,10,11,10,11,False,8.831300001475029,True,rollback,,,,,,,,,,,,,
greedy_time,12,speed,74,10,11,10,11,False,9.296500000345986,True,rollback,,,,,,,,,,,,,
greedy_time,12,speed,74,10,11,10,11,False,8.528099999239203,True,rollback,,,,,,,,,,,,,
greedy_time,12,delay,81,8,7,8,7,True,8.537699999578763,False,pairs_decreased,,,,,,,,,,,,,
greedy_time,12,delay,81,8,8,8,10,False,8.463699999992969,True,rollback,,,,,,,,,,,,,
greedy_time,12,delay,81,8,9,8,11,False,8.978099998785183,True,rollback,,,,,,,,,,,,,
greedy_time,12,delay,81,8,8,8,10,False,26.383000000350876,True,rollback,,,,,,,,,,,,,
greedy_time,12,delay,81,8,9,8,11,False,8.536800000001676,True,rollback,,,,,,,,,,,,,
greedy_time,12,delay,81,8,8,8,8,False,8.82389999969746,True,rollback,,,,,,,,,,,,,
greedy_time,12,delay,81,8,8,8,8,False,8.270399997854838,True,rollback,,,,,,,,,,,,,
greedy_time,12,delay,81,8,9,8,9,False,8.561200000258395,True,rollback,,,,,,,,,,,,,
greedy_time,12,delay,81,8,8,8,8,False,8.355400001164526,True,rollback,,,,,,,,,,,,,
greedy_time,12,delay,81,8,8,8,8,False,8.815900000627153,True,rollback,,,,,,,,,,,,,
greedy_time,12,delay,81,8,6,8,6,True,8.883300000888994,False,pairs_decreased,,,,,,,,,,,,,
greedy_time,12,delay,81,8,8,8,11,False,8.498200000758516,True,rollback,,,,,,,,,,,,,
greedy_time,12,speed,81,8,8,8,8,False,8.71729999926174,True,rollback,,,,,,,,,,,,,
greedy_time,12,speed,81,8,8,8,8,False,8.816300000034971,True,rollback,,,,,,,,,,,,,
greedy_time,12,speed,81,8,9,8,11,False,9.01249999878928,True,rollback,,,,,,,,,,,,,
greedy_time,12,speed,81,8,9,8,11,False,9.031400000822032,True,rollback,,,,,,,,,,,,,
greedy_time,12,speed,81,8,9,8,11,False,9.035700000822544,True,rollback,,,,,,,,,,,,,
greedy_time,13,delay,36,6,7,6,7,False,12.05130000016652,True,rollback,,,,,,,,,,,,,
greedy_time,13,delay,36,6,7,6,7,False,23.474300000088988,True,rollback,,,,,,,,,,,,,
greedy_time,13,delay,36,6,7,6,7,False,8.922400000301423,True,rollback,,,,,,,,,,,,,
greedy_time,13,delay,36,6,7,6,7,False,9.104000000661472,True,rollback,,,,,,,,,,,,,
greedy_time,13,delay,36,6,6,6,6,False,8.837600002152612,True,rollback,,,,,,,,,,,,,
greedy_time,13,delay,36,6,7,6,7,False,8.392100000492064,True,rollback,,,,,,,,,,,,,
greedy_time,13,delay,36,6,7,6,7,False,8.585600000515115,True,rollback,,,,,,,,,,,,,
greedy_time,13,delay,36,6,7,6,7,False,8.692600000358652,True,rollback,,,,,,,,,,,,,
greedy_time,13,delay,36,6,8,6,11,False,8.698999998159707,True,rollback,,,,,,,,,,,,,
greedy_time,13,delay,36,6,8,6,27,False,9.242600001016399,True,rollback,,,,,,,,,,,,,
greedy_time,13,delay,36,6,8,6,32,False,8.560800000850577,True,rollback,,,,,,,,,,,,,
greedy_time,13,delay,36,6,10,6,12,False,8.821700001135468,True,rollback,,,,,,,,,,,,,
greedy_time,13,speed,36,6,6,6,6,False,8.805099998426158,True,rollback,,,,,,,,,,,,,
greedy_time,13,speed,36,6,7,6,7,False,9.830900002270937,True,rollback,,,,,,,,,,,,,
greedy_time,13,speed,36,6,6,6,6,True,12.223800000356277,False,soft_decreased,,,,,,,,,,,,,
greedy_time,13,speed,36,6,6,6,6,True,23.841900001571048,False,soft_decreased,,,,,,,,,,,,,
greedy_time,13,speed,36,6,6,6,6,True,8.889900000212947,False,soft_decreased,,,,,,,,,,,,,
greedy_time,13,delay,38,6,7,6,7,False,8.232899999711663,True,rollback,,,,,,,,,,,,,
greedy_time,13,delay,38,6,8,6,8,False,8.611799999926006,True,rollback,,,,,,,,,,,,,
greedy_time,13,delay,38,6,7,6,7,False,8.178600000974257,True,rollback,,,,,,,,,,,,,
greedy_time,13,delay,38,6,8,6,8,False,8.594399998401059,True,rollback,,,,,,,,,,,,,
greedy_time,13,delay,38,6,7,6,7,False,8.723299997654976,True,rollback,,,,,,,,,,,,,
greedy_time,13,delay,38,6,6,6,6,False,8.716299998923205,True,rollback,,,,,,,,,,,,,
greedy_time,13,delay,38,6,8,6,15,False,8.617599996796343,True,rollback,,,,,,,,,,,,,
greedy_time,13,delay,38,6,7,6,14,False,9.042200003023027,True,rollback,,,,,,,,,,,,,
greedy_time,13,delay,38,6,7,6,14,False,8.64250000086031,True,rollback,,,,,,,,,,,,,
greedy_time,13,delay,38,6,7,6,14,False,8.298400000057882,True,rollback,,,,,,,,,,,,,
greedy_time,13,delay,38,6,8,6,9,False,8.522299998730887,True,rollback,,,,,,,,,,,,,
greedy_time,13,delay,38,6,6,6,6,False,11.037099997338373,True,rollback,,,,,,,,,,,,,
greedy_time,13,speed,38,6,7,6,12,False,23.10149999902933,True,rollback,,,,,,,,,,,,,
greedy_time,13,speed,38,6,6,6,6,False,9.038799998961622,True,rollback,,,,,,,,,,,,,
greedy_time,13,speed,38,6,7,6,7,False,9.401600000273902,True,rollback,,,,,,,,,,,,,
greedy_time,13,speed,38,6,7,6,7,False,8.995199998025782,True,rollback,,,,,,,,,,,,,
greedy_time,13,speed,38,6,7,6,7,False,9.056700000655837,True,rollback,,,,,,,,,,,,,
greedy_time,14,delay,36,6,6,6,6,False,9.13360000049579,True,rollback,,,,,,,,,,,,,
greedy_time,14,delay,36,6,7,6,7,False,8.67379999908735,True,rollback,,,,,,,,,,,,,
greedy_time,14,delay,36,6,7,6,7,False,8.76079999943613,True,rollback,,,,,,,,,,,,,
greedy_time,14,delay,36,6,7,6,7,False,8.59840000339318,True,rollback,,,,,,,,,,,,,
greedy_time,14,delay,36,6,6,6,6,False,8.341200002178084,True,rollback,,,,,,,,,,,,,
greedy_time,14,delay,36,6,7,6,7,False,9.522100001049694,True,rollback,,,,,,,,,,,,,
greedy_time,14,delay,36,6,8,6,8,False,8.811800002149539,True,rollback,,,,,,,,,,,,,
greedy_time,14,delay,36,6,7,6,7,False,8.93740000174148,True,rollback,,,,,,,,,,,,,
greedy_time,14,delay,36,6,7,6,7,False,11.437799999839626,True,rollback,,,,,,,,,,,,,
greedy_time,14,delay,36,6,9,6,28,False,22.92690000103903,True,rollback,,,,,,,,,,,,,
greedy_time,14,delay,36,6,9,6,27,False,8.69819999934407,True,rollback,,,,,,,,,,,,,
greedy_time,14,delay,36,6,12,6,14,False,8.868800003256183,True,rollback,,,,,,,,,,,,,
greedy_time,14,speed,36,6,7,6,7,False,9.603999998944346,True,rollback,,,,,,,,,,,,,
greedy_time,14,speed,36,6,6,6,6,False,9.383299999171868,True,rollback,,,,,,,,,,,,,
greedy_time,14,speed,36,6,6,6,6,True,9.143600000243168,False,soft_decreased,,,,,,,,,,,,,
greedy_time,14,speed,36,6,6,6,6,True,9.372199998324504,False,soft_decreased,,,,,,,,,,,,,
greedy_time,14,speed,36,6,7,6,7,False,8.7390000007872,True,rollback,,,,,,,,,,,,,
greedy_time,14,delay,40,6,8,6,22,False,9.059500000148546,True,rollback,,,,,,,,,,,,,
greedy_time,14,delay,40,6,7,6,21,False,8.716199998161756,True,rollback,,,,,,,,,,,,,
greedy_time,14,delay,40,6,7,6,21,False,9.173599999485305,True,rollback,,,,,,,,,,,,,
greedy_time,14,delay,40,6,8,6,14,False,8.991500002593966,True,rollback,,,,,,,,,,,,,
greedy_time,14,delay,40,6,7,6,7,False,8.54070000059437,True,rollback,,,,,,,,,,,,,
greedy_time,14,delay,40,6,6,6,6,False,11.6520000010496,True,rollback,,,,,,,,,,,,,
greedy_time,14,delay,40,6,6,6,6,False,24.309500000526896,True,rollback,,,,,,,,,,,,,
greedy_time,14,delay,40,6,6,6,6,False,8.475200000248151,True,rollback,,,,,,,,,,,,,
greedy_time,14,delay,40,6,7,6,7,False,8.396799999900395,True,rollback,,,,,,,,,,,,,
greedy_time,14,delay,40,6,7,6,7,False,8.22150000021793,True,rollback,,,,,,,,,,,,,
greedy_time,14,delay,40,6,8,6,8,False,8.652799999254057,True,rollback,,,,,,,,,,,,,
greedy_time,14,delay,40,6,8,6,8,False,8.830099999613594,True,rollback,,,,,,,,,,,,,
greedy_time,14,speed,40,6,6,6,6,False,9.30030000017723,True,rollback,,,,,,,,,,,,,
greedy_time,14,speed,40,6,6,6,6,False,8.808399998088134,True,rollback,,,,,,,,,,,,,
greedy_time,14,speed,40,6,6,6,6,False,9.086900001420872,True,rollback,,,,,,,,,,,,,
greedy_time,14,speed,40,6,7,6,7,False,8.711099999345606,True,rollback,,,,,,,,,,,,,
greedy_time,14,speed,40,6,8,6,10,False,8.55529999898863,True,rollback,,,,,,,,,,,,,
greedy_time,15,delay,36,6,6,6,6,False,8.598100001108833,True,rollback,,,,,,,,,,,,,
greedy_time,15,delay,36,6,7,6,7,False,8.462800000415882,True,rollback,,,,,,,,,,,,,
greedy_time,15,delay,36,6,7,6,7,False,11.985199998889584,True,rollback,,,,,,,,,,,,,
greedy_time,15,delay,36,6,7,6,7,False,24.972499999421416,True,rollback,,,,,,,,,,,,,
greedy_time,15,delay,36,6,7,6,7,False,8.653600001707673,True,rollback,,,,,,,,,,,,,
greedy_time,15,delay,36,6,6,6,6,False,8.708100001967978,True,rollback,,,,,,,,,,,,,
greedy_time,15,delay,36,6,7,6,7,False,9.067499999218853,True,rollback,,,,,,,,,,,,,
greedy_time,15,delay,36,6,8,6,8,False,9.069700001418823,True,rollback,,,,,,,,,,,,,
greedy_time,15,delay,36,6,7,6,7,False,8.458800002699718,True,rollback,,,,,,,,,,,,,
greedy_time,15,delay,36,6,9,6,28,False,9.219399998983135,True,rollback,,,,,,,,,,,,,
greedy_time,15,delay,36,6,8,6,27,False,8.554100000765175,True,rollback,,,,,,,,,,,,,
greedy_time,15,delay,36,6,12,6,17,False,9.532299998681992,True,rollback,,,,,,,,,,,,,
greedy_time,15,speed,36,6,6,6,6,False,8.84819999919273,True,rollback,,,,,,,,,,,,,
greedy_time,15,speed,36,6,6,6,6,False,8.844600000884384,True,rollback,,,,,,,,,,,,,
greedy_time,15,speed,36,6,6,6,6,True,9.23020000118413,False,soft_decreased,,,,,,,,,,,,,
greedy_time,15,speed,36,6,7,6,7,False,8.791699998255353,True,rollback,,,,,,,,,,,,,
greedy_time,15,speed,36,6,6,6,6,True,11.876599997776793,False,soft_decreased,,,,,,,,,,,,,
greedy_time,15,delay,46,6,6,6,8,False,25.064099998417078,True,rollback,,,,,,,,,,,,,
greedy_time,15,delay,46,6,6,6,6,False,8.800799998425646,True,rollback,,,,,,,,,,,,,
greedy_time,15,delay,46,6,5,6,5,True,9.008499997435138,False,pairs_decreased,,,,,,,,,,,,,
greedy_time,15,delay,46,6,5,6,5,True,8.309500000905246,False,pairs_decreased,,,,,,,,,,,,,
greedy_time,15,delay,46,6,6,6,6,False,8.610400000179652,True,rollback,,,,,,,,,,,,,
greedy_time,15,delay,46,6,6,6,6,False,8.320199998706812,True,rollback,,,,,,,,,,,,,
greedy_time,15,delay,46,6,6,6,6,False,8.423600000242004,True,rollback,,,,,,,,,,,,,
greedy_time,15,delay,46,6,6,6,6,False,8.477699997456511,True,rollback,,,,,,,,,,,,,
greedy_time,15,delay,46,6,5,6,5,True,8.616099999926519,False,pairs_decreased,,,,,,,,,,,,,
greedy_time,15,delay,46,6,7,6,7,False,8.98830000005546,True,rollback,,,,,,,,,,,,,
greedy_time,15,delay,46,6,9,6,10,False,9.03660000039963,True,rollback,,,,,,,,,,,,,
greedy_time,15,delay,46,6,8,6,8,False,8.527499998308485,True,rollback,,,,,,,,,,,,,
greedy_time,15,speed,46,6,6,6,6,False,8.861900001647882,True,rollback,,,,,,,,,,,,,
greedy_time,15,speed,46,6,6,6,6,False,11.334299997542985,True,rollback,,,,,,,,,,,,,
greedy_time,15,speed,46,6,6,6,6,False,24.23629999975674,True,rollback,,,,,,,,,,,,,
greedy_time,15,speed,46,6,6,6,6,False,8.348300001671305,True,rollback,,,,,,,,,,,,,
greedy_time,15,speed,46,6,6,6,6,False,9.234500001184642,True,rollback,,,,,,,,,,,,,
greedy_time,16,delay,36,5,5,5,5,False,8.435899999312824,True,rollback,,,,,,,,,,,,,
greedy_time,16,delay,36,5,6,5,6,False,8.572500002628658,True,rollback,,,,,,,,,,,,,
greedy_time,16,delay,36,5,6,5,6,False,8.69080000120448,True,rollback,,,,,,,,,,,,,
greedy_time,16,delay,36,5,6,5,6,False,8.839599999191705,True,rollback,,,,,,,,,,,,,
greedy_time,16,delay,36,5,6,5,6,False,8.955599998444086,True,rollback,,,,,,,,,,,,,
greedy_time,16,delay,36,5,5,5,5,False,8.45370000024559,True,rollback,,,,,,,,,,,,,
greedy_time,16,delay,36,5,6,5,6,False,8.973000003607012,True,rollback,,,,,,,,,,,,,
greedy_time,16,delay,36,5,7,5,7,False,8.735499999602325,True,rollback,,,,,,,,,,,,,
greedy_time,16,delay,36,5,7,5,7,False,8.862000002409332,True,rollback,,,,,,,,,,,,,
greedy_time,16,delay,36,5,6,5,6,False,8.80709999910323,True,rollback,,,,,,,,,,,,,
greedy_time,16,delay,36,5,7,5,26,False,11.270699997112388,True,rollback,,,,,,,,,,,,,
greedy_time,16,delay,36,5,11,5,17,False,23.36270000159857,True,rollback,,,,,,,,,,,,,
greedy_time,16,speed,36,5,5,5,5,False,8.619899999757763,True,rollback,,,,,,,,,,,,,
greedy_time,16,speed,36,5,5,5,5,False,9.599999997590203,True,rollback,,,,,,,,,,,,,
greedy_time,16,speed,36,5,6,5,6,False,9.298200002376689,True,rollback,,,,,,,,,,,,,
greedy_time,16,speed,36,5,5,5,5,True,9.236800000508083,False,soft_decreased,,,,,,,,,,,,,
greedy_time,16,speed,36,5,6,5,6,False,9.109099999477621,True,rollback,,,,,,,,,,,,,
greedy_time,16,delay,48,5,7,5,7,False,9.143799998128088,True,rollback,,,,,,,,,,,,,
greedy_time,16,delay,48,5,8,5,8,False,9.256000001187203,True,rollback,,,,,,,,,,,,,
greedy_time,16,delay,48,5,7,5,7,False,8.418400000664406,True,rollback,,,,,,,,,,,,,
greedy_time,16,delay,48,5,7,5,7,False,8.440099998551887,True,rollback,,,,,,,,,,,,,
greedy_time,16,delay,48,5,6,5,6,False,8.49970000126632,True,rollback,,,,,,,,,,,,,
greedy_time,16,delay,48,5,5,5,5,False,9.100399998715147,True,rollback,,,,,,,,,,,,,
greedy_time,16,delay,48,5,6,5,6,False,8.815900000627153,True,rollback,,,,,,,,,,,,,
greedy_time,16,delay,48,5,6,5,6,False,11.535599998751422,True,rollback,,,,,,,,,,,,,
greedy_time,16,delay,48,5,7,5,7,False,22.88140000018757,True,rollback,,,,,,,,,,,,,
greedy_time,16,delay,48,5,8,5,8,False,8.43679999888991,True,rollback,,,,,,,,,,,,,
greedy_time,16,delay,48,5,9,5,10,False,9.061299999302719,True,rollback,,,,,,,,,,,,,
greedy_time,16,delay,48,5,7,5,7,False,8.937200000218581,True,rollback,,,,,,,,,,,,,
greedy_time,16,speed,48,5,5,5,5,False,9.200099997542566,True,rollback,,,,,,,,,,,,,
greedy_time,16,speed,48,5,5,5,5,False,9.144999999989523,True,rollback,,,,,,,,,,,,,
greedy_time,16,speed,48,5,6,5,6,False,9.00770000225748,True,rollback,,,,,,,,,,,,,
greedy_time,16,speed,48,5,6,5,6,False,9.125100001256214,True,rollback,,,,,,,,,,,,,
greedy_time,16,speed,48,5,7,5,7,False,9.01259999955073,True,rollback,,,,,,,,,,,,,
greedy_time,17,delay,22,5,5,5,5,False,8.49729999754345,True,rollback,,,,,,,,,,,,,
greedy_time,17,delay,22,5,4,5,4,True,9.238899998308625,False,pairs_decreased,,,,,,,,,,,,,
greedy_time,17,delay,22,5,4,5,4,True,8.89160000224365,False,pairs_decreased,,,,,,,,,,,,,
greedy_time,17,delay,22,5,4,5,4,True,9.107500001846347,False,pairs_decreased,,,,,,,,,,,,,
greedy_time,17,delay,22,5,4,5,4,True,11.524899997311877,False,pairs_decreased,,,,,,,,,,,,,
greedy_time,17,delay,22,5,5,5,5,False,24.174899997888133,True,rollback,,,,,,,,,,,,,
greedy_time,17,delay,22,5,5,5,5,False,9.565200001816265,True,rollback,,,,,,,,,,,,,
greedy_time,17,delay,22,5,5,5,5,False,9.036100000230363,True,rollback,,,,,,,,,,,,,
greedy_time,17,delay,22,5,5,5,5,False,9.466200001043035,True,rollback,,,,,,,,,,,,,
greedy_time,17,delay,22,5,6,5,12,False,8.748399999603862,True,rollback,,,,,,,,,,,,,
greedy_time,17,delay,22,5,10,5,16,False,8.628899999166606,True,rollback,,,,,,,,,,,,,
greedy_time,17,delay,22,5,8,5,8,False,8.607300002040574,True,rollback,,,,,,,,,,,,,
greedy_time,17,speed,22,5,5,5,5,False,8.972100000391947,True,rollback,,,,,,,,,,,,,
greedy_time,17,speed,22,5,5,5,5,False,8.786499998677755,True,rollback,,,,,,,,,,,,,
greedy_time,17,speed,22,5,5,5,5,False,8.60860000102548,True,rollback,,,,,,,,,,,,,
greedy_time,17,speed,22,5,4,5,4,True,9.27610000144341,False,pairs_decreased,,,,,,,,,,,,,
greedy_time,17,speed,22,5,4,5,4,True,9.432300001208205,False,pairs_decreased,,,,,,,,,,,,,
greedy_time,17,delay,36,4,6,4,6,False,9.524500001134584,True,rollback,,,,,,,,,,,,,
greedy_time,17,delay,36,4,6,4,6,False,11.87029999709921,True,rollback,,,,,,,,,,,,,
greedy_time,17,delay,36,4,5,4,5,False,23.27520000108052,True,rollback,,,,,,,,,,,,,
greedy_time,17,delay,36,4,5,4,5,False,8.698499997990439,True,rollback,,,,,,,,,,,,,
greedy_time,17,delay,36,4,5,4,5,False,8.549700000003213,True,rollback,,,,,,,,,,,,,
greedy_time,17,delay,36,4,5,4,5,False,8.389099999476457,True,rollback,,,,,,,,,,,,,
greedy_time,17,delay,36,4,5,4,5,False,9.43379999807803,True,rollback,,,,,,,,,,,,,
greedy_time,17,delay,36,4,6,4,6,False,9.144100000412436,True,rollback,,,,,,,,,,,,,
greedy_time,17,delay,36,4,7,4,7,False,9.031699999468401,True,rollback,,,,,,,,,,,,,
greedy_time,17,delay,36,4,6,4,6,False,8.287699998618336,True,rollback,,,,,,,,,,,,,
greedy_time,17,delay,36,4,7,4,26,False,8.84359999690787,True,rollback,,,,,,,,,,,,,
greedy_time,17,delay,36,4,9,4,15,False,9.30289999814704,True,rollback,,,,,,,,,,,,,
greedy_time,17,speed,36,4,5,4,5,False,8.71990000086953,True,rollback,,,,,,,,,,,,,
greedy_time,17,speed,36,4,5,4,5,False,8.992999999463791,True,rollback,,,,,,,,,,,,,
greedy_time,17,speed,36,4,5,4,5,False,8.613900001364527,True,rollback,,,,,,,,,,,,,
greedy_time,17,speed,36,4,5,4,5,False,12.060000000928994,True,rollback,,,,,,,,,,,,,
greedy_time,17,speed,36,4,5,4,5,False,24.66930000082357,True,rollback,,,,,,,,,,,,,
greedy_time,18,delay,56,4,5,4,5,False,9.252500000002328,True,rollback,,,,,,,,,,,,,
greedy_time,18,delay,56,4,6,4,6,False,9.112199997616699,True,rollback,,,,,,,,,,,,,
greedy_time,18,delay,56,4,7,4,7,False,8.924700003262842,True,rollback,,,,,,,,,,,,,
greedy_time,18,delay,56,4,6,4,6,False,9.596899999451125,True,rollback,,,,,,,,,,,,,
greedy_time,18,delay,56,4,5,4,5,False,8.762599998590304,True,rollback,,,,,,,,,,,,,
greedy_time,18,delay,56,4,5,4,5,False,10.498899999220157,True,rollback,,,,,,,,,,,,,
greedy_time,18,delay,56,4,5,4,5,False,9.354800000437535,True,rollback,,,,,,,,,,,,,
greedy_time,18,delay,56,4,4,4,4,False,8.704300002136733,True,rollback,,,,,,,,,,,,,
greedy_time,18,delay,56,4,4,4,4,False,8.702300001459662,True,rollback,,,,,,,,,,,,,
greedy_time,18,delay,56,4,5,4,18,False,8.556599997973535,True,rollback,,,,,,,,,,,,,
greedy_time,18,delay,56,4,5,4,18,False,9.666199999628589,True,rollback,,,,,,,,,,,,,
greedy_time,18,delay,56,4,5,4,7,False,8.895300001313444,True,rollback,,,,,,,,,,,,,
greedy_time,18,speed,56,4,5,4,5,False,11.573100000532577,True,rollback,,,,,,,,,,,,,
greedy_time,18,speed,56,4,5,4,5,False,23.513200001616497,True,rollback,,,,,,,,,,,,,
greedy_time,18,speed,56,4,4,4,4,True,9.202900000673253,False,soft_decreased,,,,,,,,,,,,,
greedy_time,18,speed,56,4,5,4,5,False,9.049299998878269,True,rollback,,,,,,,,,,,,,
greedy_time,18,speed,56,4,5,4,5,False,9.37300000077812,True,rollback,,,,,,,,,,,,,
greedy_time,18,delay,61,4,4,4,4,False,8.880900000804104,True,rollback,,,,,,,,,,,,,
greedy_time,18,delay,61,4,5,4,5,False,8.58679999873857,True,rollback,,,,,,,,,,,,,
greedy_time,18,delay,61,4,4,4,4,False,8.543699997971999,True,rollback,,,,,,,,,,,,,
greedy_time,18,delay,61,4,4,4,4,False,8.794200002739672,True,rollback,,,,,,,,,,,,,
greedy_time,18,delay,61,4,4,4,4,False,8.579000001191162,True,rollback,,,,,,,,,,,,,
greedy_time,18,delay,61,4,4,4,4,False,8.964600001490908,True,rollback,,,,,,,,,,,,,
greedy_time,18,delay,61,4,3,4,3,True,9.065499998541782,False,pairs_decreased,,,,,,,,,,,,,
greedy_time,18,delay,61,4,3,4,3,True,9.071500000572996,False,pairs_decreased,,,,,,,,,,,,,
greedy_time,18,delay,61,4,4,4,4,False,8.467600000585662,True,rollback,,,,,,,,,,,,,
greedy_time,18,delay,61,4,7,4,7,False,11.538800001289928,True,rollback,,,,,,,,,,,,,
greedy_time,18,delay,61,4,5,4,5,False,22.925599998416146,True,rollback,,,,,,,,,,,,,
greedy_time,18,delay,61,4,5,4,5,False,9.070899999642279,True,rollback,,,,,,,,,,,,,
greedy_time,18,speed,61,4,4,4,4,False,9.475299997575348,True,rollback,,,,,,,,,,,,,
greedy_time,18,speed,61,4,4,4,4,False,9.69009999971604,True,rollback,,,,,,,,,,,,,
greedy_time,18,speed,61,4,4,4,4,True,8.917600000131642,False,soft_decreased,,,,,,,,,,,,,
greedy_time,18,speed,61,4,4,4,4,True,8.902600002329564,False,soft_decreased,,,,,,,,,,,,,
greedy_time,18,speed,61,4,4,4,4,True,8.995099997264333,False,soft_decreased,,,,,,,,,,,,,
greedy_time,19,delay,56,3,3,3,3,True,8.492799999658018,False,soft_decreased,,,,,,,,,,,,,
greedy_time,19,delay,56,3,5,3,5,False,9.082000000489643,True,rollback,,,,,,,,,,,,,
greedy_time,19,delay,56,3,6,3,6,False,8.786599999439204,True,rollback,,,,,,,,,,,,,
greedy_time,19,delay,56,3,5,3,5,False,8.756400002312148,True,rollback,,,,,,,,,,,,,
greedy_time,19,delay,56,3,4,3,4,False,8.794199999101693,True,rollback,,,,,,,,,,,,,
greedy_time,19,delay,56,3,4,3,4,False,8.645999998407206,True,rollback,,,,,,,,,,,,,
greedy_time,19,delay,56,3,4,3,4,False,11.389600000256905,True,rollback,,,,,,,,,,,,,
greedy_time,19,delay,56,3,3,3,3,False,23.635400000785012,True,rollback,,,,,,,,,,,,,
greedy_time,19,delay,56,3,3,3,3,False,9.370200001285411,True,rollback,,,,,,,,,,,,,
greedy_time,19,delay,56,3,4,3,17,False,9.450100002140971,True,rollback,,,,,,,,,,,,,
greedy_time,19,delay,56,3,4,3,17,False,9.227499998814892,True,rollback,,,,,,,,,,,,,
greedy_time,19,delay,56,3,4,3,7,False,8.780000000115251,True,rollback,,,,,,,,,,,,,
greedy_time,19,speed,56,3,4,3,4,False,9.528800001135096,True,rollback,,,,,,,,,,,,,
greedy_time,19,speed,56,3,3,3,3,False,9.213900000759168,True,rollback,,,,,,,,,,,,,
greedy_time,19,speed,56,3,4,3,4,False,9.096500001760432,True,rollback,,,,,,,,,,,,,
greedy_time,19,speed,56,3,4,3,4,False,9.594300001481315,True,rollback,,,,,,,,,,,,,
greedy_time,19,speed,56,3,5,3,5,False,9.172400001261849,True,rollback,,,,,,,,,,,,,
greedy_time,19,delay,66,3,4,3,4,False,9.13600000058068,True,rollback,,,,,,,,,,,,,
greedy_time,19,delay,66,3,4,3,4,False,9.920399999828078,True,rollback,,,,,,,,,,,,,
greedy_time,19,delay,66,3,3,3,3,False,10.015200001362246,True,rollback,,,,,,,,,,,,,
greedy_time,19,delay,66,3,3,3,3,False,12.152400002378272,True,rollback,,,,,,,,,,,,,
greedy_time,19,delay,66,3,2,3,2,True,24.864200000592973,False,pairs_decreased,,,,,,,,,,,,,
greedy_time,19,delay,66,3,3,3,3,False,8.910699998523341,True,rollback,,,,,,,,,,,,,
greedy_time,19,delay,66,3,3,3,3,False,8.553100000426639,True,rollback,,,,,,,,,,,,,
greedy_time,19,delay,66,3,4,3,4,False,8.883099999366095,True,rollback,,,,,,,,,,,,,
greedy_time,19,delay,66,3,4,3,4,False,8.659899998747278,True,rollback,,,,,,,,,,,,,
greedy_time,19,delay,66,3,5,3,5,False,9.014200000819983,True,rollback,,,,,,,,,,,,,
greedy_time,19,delay,66,3,8,3,8,False,9.040299999469426,True,rollback,,,,,,,,,,,,,
greedy_time,19,delay,66,3,4,3,4,False,10.036700001364807,True,rollback,,,,,,,,,,,,,
greedy_time,19,speed,66,3,3,3,3,False,10.269099999277387,True,rollback,,,,,,,,,,,,,
greedy_time,19,speed,66,3,3,3,3,False,8.746899999096058,True,rollback,,,,,,,,,,,,,
greedy_time,19,speed,66,3,2,3,2,True,8.589400000346359,False,pairs_decreased,,,,,,,,,,,,,
greedy_time,19,speed,66,3,2,3,2,True,8.519399998476729,False,pairs_decreased,,,,,,,,,,,,,
greedy_time,19,speed,66,3,2,3,2,True,9.23289999991539,False,pairs_decreased,,,,,,,,,,,,,
greedy_time,20,delay,56,2,5,2,5,False,12.04890000008163,True,rollback,,,,,,,,,,,,,
greedy_time,20,delay,56,2,4,2,4,False,23.000599998340476,True,rollback,,,,,,,,,,,,,
greedy_time,20,delay,56,2,3,2,3,False,9.732900001836242,True,rollback,,,,,,,,,,,,,
greedy_time,20,delay,56,2,4,2,4,False,8.751599998504389,True,rollback,,,,,,,,,,,,,
greedy_time,20,delay,56,2,3,2,3,False,9.44349999917904,True,rollback,,,,,,,,,,,,,
greedy_time,20,delay,56,2,3,2,3,False,8.559699999750592,True,rollback,,,,,,,,,,,,,
greedy_time,20,delay,56,2,4,2,4,False,8.87689999944996,True,rollback,,,,,,,,,,,,,
greedy_time,20,delay,56,2,5,2,5,False,8.764499998505926,True,rollback,,,,,,,,,,,,,
greedy_time,20,delay,56,2,4,2,4,False,8.612000001448905,True,rollback,,,,,,,,,,,,,
greedy_time,20,delay,56,2,2,2,2,False,8.196300001145573,True,rollback,,,,,,,,,,,,,
greedy_time,20,delay,56,2,2,2,2,False,8.00119999985327,True,rollback,,,,,,,,,,,,,
greedy_time,20,delay,56,2,4,2,6,False,10.666499998478685,True,rollback,,,,,,,,,,,,,
greedy_time,20,speed,56,2,3,2,3,False,9.607900003175018,True,rollback,,,,,,,,,,,,,
greedy_time,20,speed,56,2,3,2,3,False,9.114799999224488,True,rollback,,,,,,,,,,,,,
greedy_time,20,speed,56,2,2,2,2,True,12.017100001685321,False,soft_decreased,,,,,,,,,,,,,
greedy_time,20,speed,56,2,3,2,3,False,28.589499997906387,True,rollback,,,,,,,,,,,,,
greedy_time,20,speed,56,2,3,2,3,False,10.720900001615519,True,rollback,,,,,,,,,,,,,
greedy_time,20,delay,76,2,5,2,5,False,9.68519999878481,True,rollback,,,,,,,,,,,,,
greedy_time,20,delay,76,2,5,2,5,False,8.676599998580059,True,rollback,,,,,,,,,,,,,
greedy_time,20,delay,76,2,4,2,4,False,8.33509999938542,True,rollback,,,,,,,,,,,,,
greedy_time,20,delay,76,2,4,2,4,False,8.711200000107056,True,rollback,,,,,,,,,,,,,
greedy_time,20,delay,76,2,3,2,3,False,8.03539999833447,True,rollback,,,,,,,,,,,,,
greedy_time,20,delay,76,2,3,2,5,False,8.9205000003858,True,rollback,,,,,,,,,,,,,
greedy_time,20,delay,76,2,2,2,5,False,8.262800001830328,True,rollback,,,,,,,,,,,,,
greedy_time,20,delay,76,2,2,2,5,False,9.243299999070587,True,rollback,,,,,,,,,,,,,
greedy_time,20,delay,76,2,2,2,5,False,8.31330000073649,True,rollback,,,,,,,,,,,,,
greedy_time,20,delay,76,2,1,2,1,True,9.032399997522589,False,pairs_decreased,,,,,,,,,,,,,
greedy_time,20,delay,76,2,3,2,4,False,8.360800002265023,True,rollback,,,,,,,,,,,,,
greedy_time,20,delay,76,2,3,2,3,False,11.878600002091844,True,rollback,,,,,,,,,,,,,
greedy_time,20,speed,76,2,3,2,3,False,22.226000000955537,True,rollback,,,,,,,,,,,,,
greedy_time,20,speed,76,2,2,2,2,False,8.196799997676862,True,rollback,,,,,,,,,,,,,
greedy_time,20,speed,76,2,2,2,2,False,8.488700001180405,True,rollback,,,,,,,,,,,,,
greedy_time,20,speed,76,2,2,2,2,False,8.409899997786852,True,rollback,,,,,,,,,,,,,
greedy_time,20,speed,76,2,2,2,2,False,8.744899998418987,True,rollback,,,,,,,,,,,,,
local_reroute,1,reroute,38,1,1,1,2,False,8.998900000733556,True,rollback,,,,,,,,,,,,,
local_reroute,2,reroute,38,1,1,1,2,False,9.160699999483768,True,rollback,,,,,,,,,,,,,
local_reroute,3,reroute,38,1,1,1,2,False,8.408300000155577,True,rollback,,,,,,,,,,,,,
local_reroute,4,reroute,38,1,1,1,2,False,9.217599999828963,True,rollback,,,,,,,,,,,,,
local_reroute,5,reroute,40,1,0,1,0,True,8.49480000033509,False,pairs_decreased,,,,,,,,,,,,,
local_reroute,6,reroute,40,0,0,0,0,True,8.545099997718353,False,soft_decreased,,,,,,,,,,,,,
